Player,Year,Count
Stanley Matthews,1934,2
Stanley Matthews,1935,1
Stanley Matthews,1936,0
Stanley Matthews,1937,3
Stanley Matthews,1938,8
Stanley Matthews,1939,3
Stanley Matthews,1940,0
Stanley Matthews,1941,0
Stanley Matthews,1942,0
Stanley Matthews,1943,0
Stanley Matthews,1944,0
Stanley Matthews,1945,0
Stanley Matthews,1946,0
Stanley Matthews,1947,6
Stanley Matthews,1948,6
Stanley Matthews,1949,1
Stanley Matthews,1950,2
Stanley Matthews,1951,1
Stanley Matthews,1952,0
Stanley Matthews,1953,3
Stanley Matthews,1954,5
Stanley Matthews,1955,5
Stanley Matthews,1956,5
Stanley Matthews,1957,3
Stanley Matthews,1958,0
Stanley Matthews,1959,0
Stanley Matthews,1960,0
Stanley Matthews,1961,0
Stanley Matthews,1962,0
Stanley Matthews,1963,0
Stanley Matthews,1964,0
Stanley Matthews,1965,0
Stanley Matthews,1966,0
Stanley Matthews,1967,0
Stanley Matthews,1968,0
Stanley Matthews,1969,0
Stanley Matthews,1970,0
Stanley Matthews,1971,0
Stanley Matthews,1972,0
Stanley Matthews,1973,0
Stanley Matthews,1974,0
Stanley Matthews,1975,0
Stanley Matthews,1976,0
Stanley Matthews,1977,0
Stanley Matthews,1978,0
Stanley Matthews,1979,0
Stanley Matthews,1980,0
Stanley Matthews,1981,0
Stanley Matthews,1982,0
Stanley Matthews,1983,0
Stanley Matthews,1984,0
Stanley Matthews,1985,0
Stanley Matthews,1986,0
Stanley Matthews,1987,0
Stanley Matthews,1988,0
Stanley Matthews,1989,0
Stanley Matthews,1990,0
Stanley Matthews,1991,0
Stanley Matthews,1992,0
Stanley Matthews,1993,0
Stanley Matthews,1994,0
Stanley Matthews,1995,0
Stanley Matthews,1996,0
Stanley Matthews,1997,0
Stanley Matthews,1998,0
Stanley Matthews,1999,0
Stanley Matthews,2000,0
Stanley Matthews,2001,0
Stanley Matthews,2002,0
Stanley Matthews,2003,0
Stanley Matthews,2004,0
Stanley Matthews,2005,0
Stanley Matthews,2006,0
Stanley Matthews,2007,0
Stanley Matthews,2008,0
Stanley Matthews,2009,0
Stanley Matthews,2010,0
Stanley Matthews,2011,0
Stanley Matthews,2012,0
Stanley Matthews,2013,0
Stanley Matthews,2014,0
Stanley Matthews,2015,0
Stanley Matthews,2016,0
Stanley Matthews,2017,0
Stanley Matthews,2018,0
Stanley Matthews,2019,0
Stanley Matthews,2020,0
Stanley Matthews,2021,0
Alfredo Di Stefano,1934,0
Alfredo Di Stefano,1935,0
Alfredo Di Stefano,1936,0
Alfredo Di Stefano,1937,0
Alfredo Di Stefano,1938,0
Alfredo Di Stefano,1939,0
Alfredo Di Stefano,1940,0
Alfredo Di Stefano,1941,0
Alfredo Di Stefano,1942,0
Alfredo Di Stefano,1943,0
Alfredo Di Stefano,1944,0
Alfredo Di Stefano,1945,0
Alfredo Di Stefano,1946,0
Alfredo Di Stefano,1947,6
Alfredo Di Stefano,1948,0
Alfredo Di Stefano,1949,0
Alfredo Di Stefano,1950,0
Alfredo Di Stefano,1951,0
Alfredo Di Stefano,1952,0
Alfredo Di Stefano,1953,0
Alfredo Di Stefano,1954,0
Alfredo Di Stefano,1955,0
Alfredo Di Stefano,1956,0
Alfredo Di Stefano,1957,7
Alfredo Di Stefano,1958,4
Alfredo Di Stefano,1959,5
Alfredo Di Stefano,1960,8
Alfredo Di Stefano,1961,7
Alfredo Di Stefano,1962,0
Alfredo Di Stefano,1963,0
Alfredo Di Stefano,1964,0
Alfredo Di Stefano,1965,0
Alfredo Di Stefano,1966,0
Alfredo Di Stefano,1967,0
Alfredo Di Stefano,1968,0
Alfredo Di Stefano,1969,0
Alfredo Di Stefano,1970,0
Alfredo Di Stefano,1971,0
Alfredo Di Stefano,1972,0
Alfredo Di Stefano,1973,0
Alfredo Di Stefano,1974,0
Alfredo Di Stefano,1975,0
Alfredo Di Stefano,1976,0
Alfredo Di Stefano,1977,0
Alfredo Di Stefano,1978,0
Alfredo Di Stefano,1979,0
Alfredo Di Stefano,1980,0
Alfredo Di Stefano,1981,0
Alfredo Di Stefano,1982,0
Alfredo Di Stefano,1983,0
Alfredo Di Stefano,1984,0
Alfredo Di Stefano,1985,0
Alfredo Di Stefano,1986,0
Alfredo Di Stefano,1987,0
Alfredo Di Stefano,1988,0
Alfredo Di Stefano,1989,0
Alfredo Di Stefano,1990,0
Alfredo Di Stefano,1991,0
Alfredo Di Stefano,1992,0
Alfredo Di Stefano,1993,0
Alfredo Di Stefano,1994,0
Alfredo Di Stefano,1995,0
Alfredo Di Stefano,1996,0
Alfredo Di Stefano,1997,0
Alfredo Di Stefano,1998,0
Alfredo Di Stefano,1999,0
Alfredo Di Stefano,2000,0
Alfredo Di Stefano,2001,0
Alfredo Di Stefano,2002,0
Alfredo Di Stefano,2003,0
Alfredo Di Stefano,2004,0
Alfredo Di Stefano,2005,0
Alfredo Di Stefano,2006,0
Alfredo Di Stefano,2007,0
Alfredo Di Stefano,2008,0
Alfredo Di Stefano,2009,0
Alfredo Di Stefano,2010,0
Alfredo Di Stefano,2011,0
Alfredo Di Stefano,2012,0
Alfredo Di Stefano,2013,0
Alfredo Di Stefano,2014,0
Alfredo Di Stefano,2015,0
Alfredo Di Stefano,2016,0
Alfredo Di Stefano,2017,0
Alfredo Di Stefano,2018,0
Alfredo Di Stefano,2019,0
Alfredo Di Stefano,2020,0
Alfredo Di Stefano,2021,0
Raymond Kopa,1934,0
Raymond Kopa,1935,0
Raymond Kopa,1936,0
Raymond Kopa,1937,0
Raymond Kopa,1938,0
Raymond Kopa,1939,0
Raymond Kopa,1940,0
Raymond Kopa,1941,0
Raymond Kopa,1942,0
Raymond Kopa,1943,0
Raymond Kopa,1944,0
Raymond Kopa,1945,0
Raymond Kopa,1946,0
Raymond Kopa,1947,0
Raymond Kopa,1948,0
Raymond Kopa,1949,0
Raymond Kopa,1950,0
Raymond Kopa,1951,0
Raymond Kopa,1952,5
Raymond Kopa,1953,6
Raymond Kopa,1954,6
Raymond Kopa,1955,6
Raymond Kopa,1956,1
Raymond Kopa,1957,0
Raymond Kopa,1958,7
Raymond Kopa,1959,4
Raymond Kopa,1960,3
Raymond Kopa,1961,3
Raymond Kopa,1962,4
Raymond Kopa,1963,0
Raymond Kopa,1964,0
Raymond Kopa,1965,0
Raymond Kopa,1966,0
Raymond Kopa,1967,0
Raymond Kopa,1968,0
Raymond Kopa,1969,0
Raymond Kopa,1970,0
Raymond Kopa,1971,0
Raymond Kopa,1972,0
Raymond Kopa,1973,0
Raymond Kopa,1974,0
Raymond Kopa,1975,0
Raymond Kopa,1976,0
Raymond Kopa,1977,0
Raymond Kopa,1978,0
Raymond Kopa,1979,0
Raymond Kopa,1980,0
Raymond Kopa,1981,0
Raymond Kopa,1982,0
Raymond Kopa,1983,0
Raymond Kopa,1984,0
Raymond Kopa,1985,0
Raymond Kopa,1986,0
Raymond Kopa,1987,0
Raymond Kopa,1988,0
Raymond Kopa,1989,0
Raymond Kopa,1990,0
Raymond Kopa,1991,0
Raymond Kopa,1992,0
Raymond Kopa,1993,0
Raymond Kopa,1994,0
Raymond Kopa,1995,0
Raymond Kopa,1996,0
Raymond Kopa,1997,0
Raymond Kopa,1998,0
Raymond Kopa,1999,0
Raymond Kopa,2000,0
Raymond Kopa,2001,0
Raymond Kopa,2002,0
Raymond Kopa,2003,0
Raymond Kopa,2004,0
Raymond Kopa,2005,0
Raymond Kopa,2006,0
Raymond Kopa,2007,0
Raymond Kopa,2008,0
Raymond Kopa,2009,0
Raymond Kopa,2010,0
Raymond Kopa,2011,0
Raymond Kopa,2012,0
Raymond Kopa,2013,0
Raymond Kopa,2014,0
Raymond Kopa,2015,0
Raymond Kopa,2016,0
Raymond Kopa,2017,0
Raymond Kopa,2018,0
Raymond Kopa,2019,0
Raymond Kopa,2020,0
Raymond Kopa,2021,0
Luis Suarez,1934,0
Luis Suarez,1935,0
Luis Suarez,1936,0
Luis Suarez,1937,0
Luis Suarez,1938,0
Luis Suarez,1939,0
Luis Suarez,1940,0
Luis Suarez,1941,0
Luis Suarez,1942,0
Luis Suarez,1943,0
Luis Suarez,1944,0
Luis Suarez,1945,0
Luis Suarez,1946,0
Luis Suarez,1947,0
Luis Suarez,1948,0
Luis Suarez,1949,0
Luis Suarez,1950,0
Luis Suarez,1951,0
Luis Suarez,1952,0
Luis Suarez,1953,0
Luis Suarez,1954,0
Luis Suarez,1955,0
Luis Suarez,1956,0
Luis Suarez,1957,6
Luis Suarez,1958,3
Luis Suarez,1959,5
Luis Suarez,1960,7
Luis Suarez,1961,1
Luis Suarez,1962,2
Luis Suarez,1963,1
Luis Suarez,1964,2
Luis Suarez,1965,2
Luis Suarez,1966,2
Luis Suarez,1967,0
Luis Suarez,1968,0
Luis Suarez,1969,0
Luis Suarez,1970,0
Luis Suarez,1971,0
Luis Suarez,1972,1
Luis Suarez,1973,0
Luis Suarez,1974,0
Luis Suarez,1975,0
Luis Suarez,1976,0
Luis Suarez,1977,0
Luis Suarez,1978,0
Luis Suarez,1979,0
Luis Suarez,1980,0
Luis Suarez,1981,0
Luis Suarez,1982,0
Luis Suarez,1983,0
Luis Suarez,1984,0
Luis Suarez,1985,0
Luis Suarez,1986,0
Luis Suarez,1987,0
Luis Suarez,1988,0
Luis Suarez,1989,0
Luis Suarez,1990,0
Luis Suarez,1991,0
Luis Suarez,1992,0
Luis Suarez,1993,0
Luis Suarez,1994,0
Luis Suarez,1995,0
Luis Suarez,1996,0
Luis Suarez,1997,0
Luis Suarez,1998,0
Luis Suarez,1999,0
Luis Suarez,2000,0
Luis Suarez,2001,0
Luis Suarez,2002,0
Luis Suarez,2003,0
Luis Suarez,2004,0
Luis Suarez,2005,0
Luis Suarez,2006,0
Luis Suarez,2007,0
Luis Suarez,2008,0
Luis Suarez,2009,0
Luis Suarez,2010,0
Luis Suarez,2011,0
Luis Suarez,2012,0
Luis Suarez,2013,0
Luis Suarez,2014,0
Luis Suarez,2015,0
Luis Suarez,2016,0
Luis Suarez,2017,0
Luis Suarez,2018,0
Luis Suarez,2019,0
Luis Suarez,2020,0
Luis Suarez,2021,0
Omar Sivori,1934,0
Omar Sivori,1935,0
Omar Sivori,1936,0
Omar Sivori,1937,0
Omar Sivori,1938,0
Omar Sivori,1939,0
Omar Sivori,1940,0
Omar Sivori,1941,0
Omar Sivori,1942,0
Omar Sivori,1943,0
Omar Sivori,1944,0
Omar Sivori,1945,0
Omar Sivori,1946,0
Omar Sivori,1947,0
Omar Sivori,1948,0
Omar Sivori,1949,0
Omar Sivori,1950,0
Omar Sivori,1951,0
Omar Sivori,1952,0
Omar Sivori,1953,0
Omar Sivori,1954,0
Omar Sivori,1955,0
Omar Sivori,1956,13
Omar Sivori,1957,6
Omar Sivori,1958,0
Omar Sivori,1959,0
Omar Sivori,1960,0
Omar Sivori,1961,5
Omar Sivori,1962,4
Omar Sivori,1963,0
Omar Sivori,1964,0
Omar Sivori,1965,0
Omar Sivori,1966,0
Omar Sivori,1967,0
Omar Sivori,1968,0
Omar Sivori,1969,0
Omar Sivori,1970,0
Omar Sivori,1971,0
Omar Sivori,1972,0
Omar Sivori,1973,0
Omar Sivori,1974,0
Omar Sivori,1975,0
Omar Sivori,1976,0
Omar Sivori,1977,0
Omar Sivori,1978,0
Omar Sivori,1979,0
Omar Sivori,1980,0
Omar Sivori,1981,0
Omar Sivori,1982,0
Omar Sivori,1983,0
Omar Sivori,1984,0
Omar Sivori,1985,0
Omar Sivori,1986,0
Omar Sivori,1987,0
Omar Sivori,1988,0
Omar Sivori,1989,0
Omar Sivori,1990,0
Omar Sivori,1991,0
Omar Sivori,1992,0
Omar Sivori,1993,0
Omar Sivori,1994,0
Omar Sivori,1995,0
Omar Sivori,1996,0
Omar Sivori,1997,0
Omar Sivori,1998,0
Omar Sivori,1999,0
Omar Sivori,2000,0
Omar Sivori,2001,0
Omar Sivori,2002,0
Omar Sivori,2003,0
Omar Sivori,2004,0
Omar Sivori,2005,0
Omar Sivori,2006,0
Omar Sivori,2007,0
Omar Sivori,2008,0
Omar Sivori,2009,0
Omar Sivori,2010,0
Omar Sivori,2011,0
Omar Sivori,2012,0
Omar Sivori,2013,0
Omar Sivori,2014,0
Omar Sivori,2015,0
Omar Sivori,2016,0
Omar Sivori,2017,0
Omar Sivori,2018,0
Omar Sivori,2019,0
Omar Sivori,2020,0
Omar Sivori,2021,0
Josef Masopust,1934,0
Josef Masopust,1935,0
Josef Masopust,1936,0
Josef Masopust,1937,0
Josef Masopust,1938,0
Josef Masopust,1939,0
Josef Masopust,1940,0
Josef Masopust,1941,0
Josef Masopust,1942,0
Josef Masopust,1943,0
Josef Masopust,1944,0
Josef Masopust,1945,0
Josef Masopust,1946,0
Josef Masopust,1947,0
Josef Masopust,1948,0
Josef Masopust,1949,0
Josef Masopust,1950,0
Josef Masopust,1951,0
Josef Masopust,1952,0
Josef Masopust,1953,0
Josef Masopust,1954,1
Josef Masopust,1955,0
Josef Masopust,1956,10
Josef Masopust,1957,6
Josef Masopust,1958,10
Josef Masopust,1959,2
Josef Masopust,1960,6
Josef Masopust,1961,7
Josef Masopust,1962,11
Josef Masopust,1963,4
Josef Masopust,1964,4
Josef Masopust,1965,1
Josef Masopust,1966,1
Josef Masopust,1967,0
Josef Masopust,1968,0
Josef Masopust,1969,0
Josef Masopust,1970,0
Josef Masopust,1971,0
Josef Masopust,1972,0
Josef Masopust,1973,0
Josef Masopust,1974,0
Josef Masopust,1975,0
Josef Masopust,1976,0
Josef Masopust,1977,0
Josef Masopust,1978,0
Josef Masopust,1979,0
Josef Masopust,1980,0
Josef Masopust,1981,0
Josef Masopust,1982,0
Josef Masopust,1983,0
Josef Masopust,1984,0
Josef Masopust,1985,0
Josef Masopust,1986,0
Josef Masopust,1987,0
Josef Masopust,1988,0
Josef Masopust,1989,0
Josef Masopust,1990,0
Josef Masopust,1991,0
Josef Masopust,1992,0
Josef Masopust,1993,0
Josef Masopust,1994,0
Josef Masopust,1995,0
Josef Masopust,1996,0
Josef Masopust,1997,0
Josef Masopust,1998,0
Josef Masopust,1999,0
Josef Masopust,2000,0
Josef Masopust,2001,0
Josef Masopust,2002,0
Josef Masopust,2003,0
Josef Masopust,2004,0
Josef Masopust,2005,0
Josef Masopust,2006,0
Josef Masopust,2007,0
Josef Masopust,2008,0
Josef Masopust,2009,0
Josef Masopust,2010,0
Josef Masopust,2011,0
Josef Masopust,2012,0
Josef Masopust,2013,0
Josef Masopust,2014,0
Josef Masopust,2015,0
Josef Masopust,2016,0
Josef Masopust,2017,0
Josef Masopust,2018,0
Josef Masopust,2019,0
Josef Masopust,2020,0
Josef Masopust,2021,0
Lev Yashin,1934,0
Lev Yashin,1935,0
Lev Yashin,1936,0
Lev Yashin,1937,0
Lev Yashin,1938,0
Lev Yashin,1939,0
Lev Yashin,1940,0
Lev Yashin,1941,0
Lev Yashin,1942,0
Lev Yashin,1943,0
Lev Yashin,1944,0
Lev Yashin,1945,0
Lev Yashin,1946,0
Lev Yashin,1947,0
Lev Yashin,1948,0
Lev Yashin,1949,0
Lev Yashin,1950,0
Lev Yashin,1951,0
Lev Yashin,1952,0
Lev Yashin,1953,0
Lev Yashin,1954,2
Lev Yashin,1955,4
Lev Yashin,1956,10
Lev Yashin,1957,5
Lev Yashin,1958,6
Lev Yashin,1959,2
Lev Yashin,1960,5
Lev Yashin,1961,5
Lev Yashin,1962,7
Lev Yashin,1963,4
Lev Yashin,1964,7
Lev Yashin,1965,5
Lev Yashin,1966,7
Lev Yashin,1967,5
Lev Yashin,1968,0
Lev Yashin,1969,0
Lev Yashin,1970,0
Lev Yashin,1971,0
Lev Yashin,1972,0
Lev Yashin,1973,0
Lev Yashin,1974,0
Lev Yashin,1975,0
Lev Yashin,1976,0
Lev Yashin,1977,0
Lev Yashin,1978,0
Lev Yashin,1979,0
Lev Yashin,1980,0
Lev Yashin,1981,0
Lev Yashin,1982,0
Lev Yashin,1983,0
Lev Yashin,1984,0
Lev Yashin,1985,0
Lev Yashin,1986,0
Lev Yashin,1987,0
Lev Yashin,1988,0
Lev Yashin,1989,0
Lev Yashin,1990,0
Lev Yashin,1991,0
Lev Yashin,1992,0
Lev Yashin,1993,0
Lev Yashin,1994,0
Lev Yashin,1995,0
Lev Yashin,1996,0
Lev Yashin,1997,0
Lev Yashin,1998,0
Lev Yashin,1999,0
Lev Yashin,2000,0
Lev Yashin,2001,0
Lev Yashin,2002,0
Lev Yashin,2003,0
Lev Yashin,2004,0
Lev Yashin,2005,0
Lev Yashin,2006,0
Lev Yashin,2007,0
Lev Yashin,2008,0
Lev Yashin,2009,0
Lev Yashin,2010,0
Lev Yashin,2011,0
Lev Yashin,2012,0
Lev Yashin,2013,0
Lev Yashin,2014,0
Lev Yashin,2015,0
Lev Yashin,2016,0
Lev Yashin,2017,0
Lev Yashin,2018,0
Lev Yashin,2019,0
Lev Yashin,2020,0
Lev Yashin,2021,0
Denis Law,1934,0
Denis Law,1935,0
Denis Law,1936,0
Denis Law,1937,0
Denis Law,1938,0
Denis Law,1939,0
Denis Law,1940,0
Denis Law,1941,0
Denis Law,1942,0
Denis Law,1943,0
Denis Law,1944,0
Denis Law,1945,0
Denis Law,1946,0
Denis Law,1947,0
Denis Law,1948,0
Denis Law,1949,0
Denis Law,1950,0
Denis Law,1951,0
Denis Law,1952,0
Denis Law,1953,0
Denis Law,1954,0
Denis Law,1955,0
Denis Law,1956,0
Denis Law,1957,0
Denis Law,1958,2
Denis Law,1959,4
Denis Law,1960,4
Denis Law,1961,3
Denis Law,1962,3
Denis Law,1963,7
Denis Law,1964,5
Denis Law,1965,6
Denis Law,1966,2
Denis Law,1967,3
Denis Law,1968,1
Denis Law,1969,2
Denis Law,1970,0
Denis Law,1971,0
Denis Law,1972,7
Denis Law,1973,3
Denis Law,1974,3
Denis Law,1975,0
Denis Law,1976,0
Denis Law,1977,0
Denis Law,1978,0
Denis Law,1979,0
Denis Law,1980,0
Denis Law,1981,0
Denis Law,1982,0
Denis Law,1983,0
Denis Law,1984,0
Denis Law,1985,0
Denis Law,1986,0
Denis Law,1987,0
Denis Law,1988,0
Denis Law,1989,0
Denis Law,1990,0
Denis Law,1991,0
Denis Law,1992,0
Denis Law,1993,0
Denis Law,1994,0
Denis Law,1995,0
Denis Law,1996,0
Denis Law,1997,0
Denis Law,1998,0
Denis Law,1999,0
Denis Law,2000,0
Denis Law,2001,0
Denis Law,2002,0
Denis Law,2003,0
Denis Law,2004,0
Denis Law,2005,0
Denis Law,2006,0
Denis Law,2007,0
Denis Law,2008,0
Denis Law,2009,0
Denis Law,2010,0
Denis Law,2011,0
Denis Law,2012,0
Denis Law,2013,0
Denis Law,2014,0
Denis Law,2015,0
Denis Law,2016,0
Denis Law,2017,0
Denis Law,2018,0
Denis Law,2019,0
Denis Law,2020,0
Denis Law,2021,0
Eusebio,1934,0
Eusebio,1935,0
Eusebio,1936,0
Eusebio,1937,0
Eusebio,1938,0
Eusebio,1939,0
Eusebio,1940,0
Eusebio,1941,0
Eusebio,1942,0
Eusebio,1943,0
Eusebio,1944,0
Eusebio,1945,0
Eusebio,1946,0
Eusebio,1947,0
Eusebio,1948,0
Eusebio,1949,0
Eusebio,1950,0
Eusebio,1951,0
Eusebio,1952,0
Eusebio,1953,0
Eusebio,1954,0
Eusebio,1955,0
Eusebio,1956,0
Eusebio,1957,0
Eusebio,1958,0
Eusebio,1959,0
Eusebio,1960,0
Eusebio,1961,2
Eusebio,1962,5
Eusebio,1963,1
Eusebio,1964,6
Eusebio,1965,7
Eusebio,1966,12
Eusebio,1967,6
Eusebio,1968,2
Eusebio,1969,4
Eusebio,1970,1
Eusebio,1971,5
Eusebio,1972,9
Eusebio,1973,4
Eusebio,1974,0
Eusebio,1975,0
Eusebio,1976,0
Eusebio,1977,0
Eusebio,1978,0
Eusebio,1979,0
Eusebio,1980,0
Eusebio,1981,0
Eusebio,1982,0
Eusebio,1983,0
Eusebio,1984,0
Eusebio,1985,0
Eusebio,1986,0
Eusebio,1987,0
Eusebio,1988,0
Eusebio,1989,0
Eusebio,1990,0
Eusebio,1991,0
Eusebio,1992,0
Eusebio,1993,0
Eusebio,1994,0
Eusebio,1995,0
Eusebio,1996,0
Eusebio,1997,0
Eusebio,1998,0
Eusebio,1999,0
Eusebio,2000,0
Eusebio,2001,0
Eusebio,2002,0
Eusebio,2003,0
Eusebio,2004,0
Eusebio,2005,0
Eusebio,2006,0
Eusebio,2007,0
Eusebio,2008,0
Eusebio,2009,0
Eusebio,2010,0
Eusebio,2011,0
Eusebio,2012,0
Eusebio,2013,0
Eusebio,2014,0
Eusebio,2015,0
Eusebio,2016,0
Eusebio,2017,0
Eusebio,2018,0
Eusebio,2019,0
Eusebio,2020,0
Eusebio,2021,0
Bobby Charlton,1934,0
Bobby Charlton,1935,0
Bobby Charlton,1936,0
Bobby Charlton,1937,0
Bobby Charlton,1938,0
Bobby Charlton,1939,0
Bobby Charlton,1940,0
Bobby Charlton,1941,0
Bobby Charlton,1942,0
Bobby Charlton,1943,0
Bobby Charlton,1944,0
Bobby Charlton,1945,0
Bobby Charlton,1946,0
Bobby Charlton,1947,0
Bobby Charlton,1948,0
Bobby Charlton,1949,0
Bobby Charlton,1950,0
Bobby Charlton,1951,0
Bobby Charlton,1952,0
Bobby Charlton,1953,0
Bobby Charlton,1954,0
Bobby Charlton,1955,0
Bobby Charlton,1956,0
Bobby Charlton,1957,0
Bobby Charlton,1958,6
Bobby Charlton,1959,7
Bobby Charlton,1960,8
Bobby Charlton,1961,9
Bobby Charlton,1962,8
Bobby Charlton,1963,10
Bobby Charlton,1964,8
Bobby Charlton,1965,5
Bobby Charlton,1966,15
Bobby Charlton,1967,4
Bobby Charlton,1968,8
Bobby Charlton,1969,9
Bobby Charlton,1970,9
Bobby Charlton,1971,0
Bobby Charlton,1972,0
Bobby Charlton,1973,0
Bobby Charlton,1974,0
Bobby Charlton,1975,0
Bobby Charlton,1976,0
Bobby Charlton,1977,0
Bobby Charlton,1978,0
Bobby Charlton,1979,0
Bobby Charlton,1980,0
Bobby Charlton,1981,0
Bobby Charlton,1982,0
Bobby Charlton,1983,0
Bobby Charlton,1984,0
Bobby Charlton,1985,0
Bobby Charlton,1986,0
Bobby Charlton,1987,0
Bobby Charlton,1988,0
Bobby Charlton,1989,0
Bobby Charlton,1990,0
Bobby Charlton,1991,0
Bobby Charlton,1992,0
Bobby Charlton,1993,0
Bobby Charlton,1994,0
Bobby Charlton,1995,0
Bobby Charlton,1996,0
Bobby Charlton,1997,0
Bobby Charlton,1998,0
Bobby Charlton,1999,0
Bobby Charlton,2000,0
Bobby Charlton,2001,0
Bobby Charlton,2002,0
Bobby Charlton,2003,0
Bobby Charlton,2004,0
Bobby Charlton,2005,0
Bobby Charlton,2006,0
Bobby Charlton,2007,0
Bobby Charlton,2008,0
Bobby Charlton,2009,0
Bobby Charlton,2010,0
Bobby Charlton,2011,0
Bobby Charlton,2012,0
Bobby Charlton,2013,0
Bobby Charlton,2014,0
Bobby Charlton,2015,0
Bobby Charlton,2016,0
Bobby Charlton,2017,0
Bobby Charlton,2018,0
Bobby Charlton,2019,0
Bobby Charlton,2020,0
Bobby Charlton,2021,0
Florian Albert,1934,0
Florian Albert,1935,0
Florian Albert,1936,0
Florian Albert,1937,0
Florian Albert,1938,0
Florian Albert,1939,0
Florian Albert,1940,0
Florian Albert,1941,0
Florian Albert,1942,0
Florian Albert,1943,0
Florian Albert,1944,0
Florian Albert,1945,0
Florian Albert,1946,0
Florian Albert,1947,0
Florian Albert,1948,0
Florian Albert,1949,0
Florian Albert,1950,0
Florian Albert,1951,0
Florian Albert,1952,0
Florian Albert,1953,0
Florian Albert,1954,0
Florian Albert,1955,0
Florian Albert,1956,0
Florian Albert,1957,0
Florian Albert,1958,0
Florian Albert,1959,6
Florian Albert,1960,6
Florian Albert,1961,9
Florian Albert,1962,9
Florian Albert,1963,9
Florian Albert,1964,6
Florian Albert,1965,5
Florian Albert,1966,9
Florian Albert,1967,6
Florian Albert,1968,1
Florian Albert,1969,3
Florian Albert,1970,0
Florian Albert,1971,3
Florian Albert,1972,2
Florian Albert,1973,0
Florian Albert,1974,1
Florian Albert,1975,0
Florian Albert,1976,0
Florian Albert,1977,0
Florian Albert,1978,0
Florian Albert,1979,0
Florian Albert,1980,0
Florian Albert,1981,0
Florian Albert,1982,0
Florian Albert,1983,0
Florian Albert,1984,0
Florian Albert,1985,0
Florian Albert,1986,0
Florian Albert,1987,0
Florian Albert,1988,0
Florian Albert,1989,0
Florian Albert,1990,0
Florian Albert,1991,0
Florian Albert,1992,0
Florian Albert,1993,0
Florian Albert,1994,0
Florian Albert,1995,0
Florian Albert,1996,0
Florian Albert,1997,0
Florian Albert,1998,0
Florian Albert,1999,0
Florian Albert,2000,0
Florian Albert,2001,0
Florian Albert,2002,0
Florian Albert,2003,0
Florian Albert,2004,0
Florian Albert,2005,0
Florian Albert,2006,0
Florian Albert,2007,0
Florian Albert,2008,0
Florian Albert,2009,0
Florian Albert,2010,0
Florian Albert,2011,0
Florian Albert,2012,0
Florian Albert,2013,0
Florian Albert,2014,0
Florian Albert,2015,0
Florian Albert,2016,0
Florian Albert,2017,0
Florian Albert,2018,0
Florian Albert,2019,0
Florian Albert,2020,0
Florian Albert,2021,0
George Best,1934,0
George Best,1935,0
George Best,1936,0
George Best,1937,0
George Best,1938,0
George Best,1939,0
George Best,1940,0
George Best,1941,0
George Best,1942,0
George Best,1943,0
George Best,1944,0
George Best,1945,0
George Best,1946,0
George Best,1947,0
George Best,1948,0
George Best,1949,0
George Best,1950,0
George Best,1951,0
George Best,1952,0
George Best,1953,0
George Best,1954,0
George Best,1955,0
George Best,1956,0
George Best,1957,0
George Best,1958,0
George Best,1959,0
George Best,1960,0
George Best,1961,0
George Best,1962,0
George Best,1963,0
George Best,1964,6
George Best,1965,6
George Best,1966,1
George Best,1967,1
George Best,1968,1
George Best,1969,4
George Best,1970,4
George Best,1971,6
George Best,1972,2
George Best,1973,1
George Best,1974,0
George Best,1975,0
George Best,1976,2
George Best,1977,3
George Best,1978,0
George Best,1979,0
George Best,1980,0
George Best,1981,0
George Best,1982,0
George Best,1983,0
George Best,1984,0
George Best,1985,0
George Best,1986,0
George Best,1987,0
George Best,1988,0
George Best,1989,0
George Best,1990,0
George Best,1991,0
George Best,1992,0
George Best,1993,0
George Best,1994,0
George Best,1995,0
George Best,1996,0
George Best,1997,0
George Best,1998,0
George Best,1999,0
George Best,2000,0
George Best,2001,0
George Best,2002,0
George Best,2003,0
George Best,2004,0
George Best,2005,0
George Best,2006,0
George Best,2007,0
George Best,2008,0
George Best,2009,0
George Best,2010,0
George Best,2011,0
George Best,2012,0
George Best,2013,0
George Best,2014,0
George Best,2015,0
George Best,2016,0
George Best,2017,0
George Best,2018,0
George Best,2019,0
George Best,2020,0
George Best,2021,0
Gianni Rivera,1934,0
Gianni Rivera,1935,0
Gianni Rivera,1936,0
Gianni Rivera,1937,0
Gianni Rivera,1938,0
Gianni Rivera,1939,0
Gianni Rivera,1940,0
Gianni Rivera,1941,0
Gianni Rivera,1942,0
Gianni Rivera,1943,0
Gianni Rivera,1944,0
Gianni Rivera,1945,0
Gianni Rivera,1946,0
Gianni Rivera,1947,0
Gianni Rivera,1948,0
Gianni Rivera,1949,0
Gianni Rivera,1950,0
Gianni Rivera,1951,0
Gianni Rivera,1952,0
Gianni Rivera,1953,0
Gianni Rivera,1954,0
Gianni Rivera,1955,0
Gianni Rivera,1956,0
Gianni Rivera,1957,0
Gianni Rivera,1958,0
Gianni Rivera,1959,0
Gianni Rivera,1960,0
Gianni Rivera,1961,0
Gianni Rivera,1962,4
Gianni Rivera,1963,5
Gianni Rivera,1964,4
Gianni Rivera,1965,6
Gianni Rivera,1966,6
Gianni Rivera,1967,4
Gianni Rivera,1968,4
Gianni Rivera,1969,3
Gianni Rivera,1970,7
Gianni Rivera,1971,3
Gianni Rivera,1972,3
Gianni Rivera,1973,7
Gianni Rivera,1974,4
Gianni Rivera,1975,0
Gianni Rivera,1976,0
Gianni Rivera,1977,0
Gianni Rivera,1978,0
Gianni Rivera,1979,0
Gianni Rivera,1980,0
Gianni Rivera,1981,0
Gianni Rivera,1982,0
Gianni Rivera,1983,0
Gianni Rivera,1984,0
Gianni Rivera,1985,0
Gianni Rivera,1986,0
Gianni Rivera,1987,0
Gianni Rivera,1988,0
Gianni Rivera,1989,0
Gianni Rivera,1990,0
Gianni Rivera,1991,0
Gianni Rivera,1992,0
Gianni Rivera,1993,0
Gianni Rivera,1994,0
Gianni Rivera,1995,0
Gianni Rivera,1996,0
Gianni Rivera,1997,0
Gianni Rivera,1998,0
Gianni Rivera,1999,0
Gianni Rivera,2000,0
Gianni Rivera,2001,0
Gianni Rivera,2002,0
Gianni Rivera,2003,0
Gianni Rivera,2004,0
Gianni Rivera,2005,0
Gianni Rivera,2006,0
Gianni Rivera,2007,0
Gianni Rivera,2008,0
Gianni Rivera,2009,0
Gianni Rivera,2010,0
Gianni Rivera,2011,0
Gianni Rivera,2012,0
Gianni Rivera,2013,0
Gianni Rivera,2014,0
Gianni Rivera,2015,0
Gianni Rivera,2016,0
Gianni Rivera,2017,0
Gianni Rivera,2018,0
Gianni Rivera,2019,0
Gianni Rivera,2020,0
Gianni Rivera,2021,0
Gerd Muller,1934,0
Gerd Muller,1935,0
Gerd Muller,1936,0
Gerd Muller,1937,0
Gerd Muller,1938,0
Gerd Muller,1939,0
Gerd Muller,1940,0
Gerd Muller,1941,0
Gerd Muller,1942,0
Gerd Muller,1943,0
Gerd Muller,1944,0
Gerd Muller,1945,0
Gerd Muller,1946,0
Gerd Muller,1947,0
Gerd Muller,1948,0
Gerd Muller,1949,0
Gerd Muller,1950,0
Gerd Muller,1951,0
Gerd Muller,1952,0
Gerd Muller,1953,0
Gerd Muller,1954,0
Gerd Muller,1955,0
Gerd Muller,1956,0
Gerd Muller,1957,0
Gerd Muller,1958,0
Gerd Muller,1959,0
Gerd Muller,1960,0
Gerd Muller,1961,0
Gerd Muller,1962,0
Gerd Muller,1963,0
Gerd Muller,1964,0
Gerd Muller,1965,0
Gerd Muller,1966,1
Gerd Muller,1967,4
Gerd Muller,1968,3
Gerd Muller,1969,7
Gerd Muller,1970,12
Gerd Muller,1971,8
Gerd Muller,1972,7
Gerd Muller,1973,8
Gerd Muller,1974,12
Gerd Muller,1975,0
Gerd Muller,1976,0
Gerd Muller,1977,0
Gerd Muller,1978,0
Gerd Muller,1979,0
Gerd Muller,1980,0
Gerd Muller,1981,0
Gerd Muller,1982,0
Gerd Muller,1983,0
Gerd Muller,1984,0
Gerd Muller,1985,0
Gerd Muller,1986,0
Gerd Muller,1987,0
Gerd Muller,1988,0
Gerd Muller,1989,0
Gerd Muller,1990,0
Gerd Muller,1991,0
Gerd Muller,1992,0
Gerd Muller,1993,0
Gerd Muller,1994,0
Gerd Muller,1995,0
Gerd Muller,1996,0
Gerd Muller,1997,0
Gerd Muller,1998,0
Gerd Muller,1999,0
Gerd Muller,2000,0
Gerd Muller,2001,0
Gerd Muller,2002,0
Gerd Muller,2003,0
Gerd Muller,2004,0
Gerd Muller,2005,0
Gerd Muller,2006,0
Gerd Muller,2007,0
Gerd Muller,2008,0
Gerd Muller,2009,0
Gerd Muller,2010,0
Gerd Muller,2011,0
Gerd Muller,2012,0
Gerd Muller,2013,0
Gerd Muller,2014,0
Gerd Muller,2015,0
Gerd Muller,2016,0
Gerd Muller,2017,0
Gerd Muller,2018,0
Gerd Muller,2019,0
Gerd Muller,2020,0
Gerd Muller,2021,0
Johan Cruyff,1934,0
Johan Cruyff,1935,0
Johan Cruyff,1936,0
Johan Cruyff,1937,0
Johan Cruyff,1938,0
Johan Cruyff,1939,0
Johan Cruyff,1940,0
Johan Cruyff,1941,0
Johan Cruyff,1942,0
Johan Cruyff,1943,0
Johan Cruyff,1944,0
Johan Cruyff,1945,0
Johan Cruyff,1946,0
Johan Cruyff,1947,0
Johan Cruyff,1948,0
Johan Cruyff,1949,0
Johan Cruyff,1950,0
Johan Cruyff,1951,0
Johan Cruyff,1952,0
Johan Cruyff,1953,0
Johan Cruyff,1954,0
Johan Cruyff,1955,0
Johan Cruyff,1956,0
Johan Cruyff,1957,0
Johan Cruyff,1958,0
Johan Cruyff,1959,0
Johan Cruyff,1960,0
Johan Cruyff,1961,0
Johan Cruyff,1962,0
Johan Cruyff,1963,0
Johan Cruyff,1964,0
Johan Cruyff,1965,0
Johan Cruyff,1966,2
Johan Cruyff,1967,3
Johan Cruyff,1968,1
Johan Cruyff,1969,3
Johan Cruyff,1970,2
Johan Cruyff,1971,4
Johan Cruyff,1972,5
Johan Cruyff,1973,6
Johan Cruyff,1974,12
Johan Cruyff,1975,2
Johan Cruyff,1976,4
Johan Cruyff,1977,4
Johan Cruyff,1978,0
Johan Cruyff,1979,0
Johan Cruyff,1980,0
Johan Cruyff,1981,0
Johan Cruyff,1982,0
Johan Cruyff,1983,0
Johan Cruyff,1984,0
Johan Cruyff,1985,0
Johan Cruyff,1986,0
Johan Cruyff,1987,0
Johan Cruyff,1988,0
Johan Cruyff,1989,0
Johan Cruyff,1990,0
Johan Cruyff,1991,0
Johan Cruyff,1992,0
Johan Cruyff,1993,0
Johan Cruyff,1994,0
Johan Cruyff,1995,0
Johan Cruyff,1996,0
Johan Cruyff,1997,0
Johan Cruyff,1998,0
Johan Cruyff,1999,0
Johan Cruyff,2000,0
Johan Cruyff,2001,0
Johan Cruyff,2002,0
Johan Cruyff,2003,0
Johan Cruyff,2004,0
Johan Cruyff,2005,0
Johan Cruyff,2006,0
Johan Cruyff,2007,0
Johan Cruyff,2008,0
Johan Cruyff,2009,0
Johan Cruyff,2010,0
Johan Cruyff,2011,0
Johan Cruyff,2012,0
Johan Cruyff,2013,0
Johan Cruyff,2014,0
Johan Cruyff,2015,0
Johan Cruyff,2016,0
Johan Cruyff,2017,0
Johan Cruyff,2018,0
Johan Cruyff,2019,0
Johan Cruyff,2020,0
Johan Cruyff,2021,0
Franz Beckenbauer,1934,0
Franz Beckenbauer,1935,0
Franz Beckenbauer,1936,0
Franz Beckenbauer,1937,0
Franz Beckenbauer,1938,0
Franz Beckenbauer,1939,0
Franz Beckenbauer,1940,0
Franz Beckenbauer,1941,0
Franz Beckenbauer,1942,0
Franz Beckenbauer,1943,0
Franz Beckenbauer,1944,0
Franz Beckenbauer,1945,0
Franz Beckenbauer,1946,0
Franz Beckenbauer,1947,0
Franz Beckenbauer,1948,0
Franz Beckenbauer,1949,0
Franz Beckenbauer,1950,0
Franz Beckenbauer,1951,0
Franz Beckenbauer,1952,0
Franz Beckenbauer,1953,0
Franz Beckenbauer,1954,0
Franz Beckenbauer,1955,0
Franz Beckenbauer,1956,0
Franz Beckenbauer,1957,0
Franz Beckenbauer,1958,0
Franz Beckenbauer,1959,0
Franz Beckenbauer,1960,0
Franz Beckenbauer,1961,0
Franz Beckenbauer,1962,0
Franz Beckenbauer,1963,0
Franz Beckenbauer,1964,0
Franz Beckenbauer,1965,3
Franz Beckenbauer,1966,12
Franz Beckenbauer,1967,5
Franz Beckenbauer,1968,9
Franz Beckenbauer,1969,6
Franz Beckenbauer,1970,12
Franz Beckenbauer,1971,9
Franz Beckenbauer,1972,7
Franz Beckenbauer,1973,10
Franz Beckenbauer,1974,15
Franz Beckenbauer,1975,7
Franz Beckenbauer,1976,7
Franz Beckenbauer,1977,1
Franz Beckenbauer,1978,0
Franz Beckenbauer,1979,0
Franz Beckenbauer,1980,0
Franz Beckenbauer,1981,0
Franz Beckenbauer,1982,0
Franz Beckenbauer,1983,0
Franz Beckenbauer,1984,0
Franz Beckenbauer,1985,0
Franz Beckenbauer,1986,0
Franz Beckenbauer,1987,0
Franz Beckenbauer,1988,0
Franz Beckenbauer,1989,0
Franz Beckenbauer,1990,0
Franz Beckenbauer,1991,0
Franz Beckenbauer,1992,0
Franz Beckenbauer,1993,0
Franz Beckenbauer,1994,0
Franz Beckenbauer,1995,0
Franz Beckenbauer,1996,0
Franz Beckenbauer,1997,0
Franz Beckenbauer,1998,0
Franz Beckenbauer,1999,0
Franz Beckenbauer,2000,0
Franz Beckenbauer,2001,0
Franz Beckenbauer,2002,0
Franz Beckenbauer,2003,0
Franz Beckenbauer,2004,0
Franz Beckenbauer,2005,0
Franz Beckenbauer,2006,0
Franz Beckenbauer,2007,0
Franz Beckenbauer,2008,0
Franz Beckenbauer,2009,0
Franz Beckenbauer,2010,0
Franz Beckenbauer,2011,0
Franz Beckenbauer,2012,0
Franz Beckenbauer,2013,0
Franz Beckenbauer,2014,0
Franz Beckenbauer,2015,0
Franz Beckenbauer,2016,0
Franz Beckenbauer,2017,0
Franz Beckenbauer,2018,0
Franz Beckenbauer,2019,0
Franz Beckenbauer,2020,0
Franz Beckenbauer,2021,0
Oleg Blokhin,1934,0
Oleg Blokhin,1935,0
Oleg Blokhin,1936,0
Oleg Blokhin,1937,0
Oleg Blokhin,1938,0
Oleg Blokhin,1939,0
Oleg Blokhin,1940,0
Oleg Blokhin,1941,0
Oleg Blokhin,1942,0
Oleg Blokhin,1943,0
Oleg Blokhin,1944,0
Oleg Blokhin,1945,0
Oleg Blokhin,1946,0
Oleg Blokhin,1947,0
Oleg Blokhin,1948,0
Oleg Blokhin,1949,0
Oleg Blokhin,1950,0
Oleg Blokhin,1951,0
Oleg Blokhin,1952,0
Oleg Blokhin,1953,0
Oleg Blokhin,1954,0
Oleg Blokhin,1955,0
Oleg Blokhin,1956,0
Oleg Blokhin,1957,0
Oleg Blokhin,1958,0
Oleg Blokhin,1959,0
Oleg Blokhin,1960,0
Oleg Blokhin,1961,0
Oleg Blokhin,1962,0
Oleg Blokhin,1963,0
Oleg Blokhin,1964,0
Oleg Blokhin,1965,0
Oleg Blokhin,1966,0
Oleg Blokhin,1967,0
Oleg Blokhin,1968,0
Oleg Blokhin,1969,0
Oleg Blokhin,1970,0
Oleg Blokhin,1971,0
Oleg Blokhin,1972,9
Oleg Blokhin,1973,10
Oleg Blokhin,1974,3
Oleg Blokhin,1975,7
Oleg Blokhin,1976,12
Oleg Blokhin,1977,10
Oleg Blokhin,1978,10
Oleg Blokhin,1979,5
Oleg Blokhin,1980,2
Oleg Blokhin,1981,6
Oleg Blokhin,1982,9
Oleg Blokhin,1983,9
Oleg Blokhin,1984,3
Oleg Blokhin,1985,4
Oleg Blokhin,1986,11
Oleg Blokhin,1987,1
Oleg Blokhin,1988,1
Oleg Blokhin,1989,0
Oleg Blokhin,1990,0
Oleg Blokhin,1991,0
Oleg Blokhin,1992,0
Oleg Blokhin,1993,0
Oleg Blokhin,1994,0
Oleg Blokhin,1995,0
Oleg Blokhin,1996,0
Oleg Blokhin,1997,0
Oleg Blokhin,1998,0
Oleg Blokhin,1999,0
Oleg Blokhin,2000,0
Oleg Blokhin,2001,0
Oleg Blokhin,2002,0
Oleg Blokhin,2003,0
Oleg Blokhin,2004,0
Oleg Blokhin,2005,0
Oleg Blokhin,2006,0
Oleg Blokhin,2007,0
Oleg Blokhin,2008,0
Oleg Blokhin,2009,0
Oleg Blokhin,2010,0
Oleg Blokhin,2011,0
Oleg Blokhin,2012,0
Oleg Blokhin,2013,0
Oleg Blokhin,2014,0
Oleg Blokhin,2015,0
Oleg Blokhin,2016,0
Oleg Blokhin,2017,0
Oleg Blokhin,2018,0
Oleg Blokhin,2019,0
Oleg Blokhin,2020,0
Oleg Blokhin,2021,0
Allan Simonsen,1934,0
Allan Simonsen,1935,0
Allan Simonsen,1936,0
Allan Simonsen,1937,0
Allan Simonsen,1938,0
Allan Simonsen,1939,0
Allan Simonsen,1940,0
Allan Simonsen,1941,0
Allan Simonsen,1942,0
Allan Simonsen,1943,0
Allan Simonsen,1944,0
Allan Simonsen,1945,0
Allan Simonsen,1946,0
Allan Simonsen,1947,0
Allan Simonsen,1948,0
Allan Simonsen,1949,0
Allan Simonsen,1950,0
Allan Simonsen,1951,0
Allan Simonsen,1952,0
Allan Simonsen,1953,0
Allan Simonsen,1954,0
Allan Simonsen,1955,0
Allan Simonsen,1956,0
Allan Simonsen,1957,0
Allan Simonsen,1958,0
Allan Simonsen,1959,0
Allan Simonsen,1960,0
Allan Simonsen,1961,0
Allan Simonsen,1962,0
Allan Simonsen,1963,0
Allan Simonsen,1964,0
Allan Simonsen,1965,0
Allan Simonsen,1966,0
Allan Simonsen,1967,0
Allan Simonsen,1968,0
Allan Simonsen,1969,0
Allan Simonsen,1970,0
Allan Simonsen,1971,0
Allan Simonsen,1972,9
Allan Simonsen,1973,0
Allan Simonsen,1974,2
Allan Simonsen,1975,1
Allan Simonsen,1976,2
Allan Simonsen,1977,2
Allan Simonsen,1978,1
Allan Simonsen,1979,4
Allan Simonsen,1980,5
Allan Simonsen,1981,7
Allan Simonsen,1982,1
Allan Simonsen,1983,7
Allan Simonsen,1984,6
Allan Simonsen,1985,4
Allan Simonsen,1986,4
Allan Simonsen,1987,0
Allan Simonsen,1988,0
Allan Simonsen,1989,0
Allan Simonsen,1990,0
Allan Simonsen,1991,0
Allan Simonsen,1992,0
Allan Simonsen,1993,0
Allan Simonsen,1994,0
Allan Simonsen,1995,0
Allan Simonsen,1996,0
Allan Simonsen,1997,0
Allan Simonsen,1998,0
Allan Simonsen,1999,0
Allan Simonsen,2000,0
Allan Simonsen,2001,0
Allan Simonsen,2002,0
Allan Simonsen,2003,0
Allan Simonsen,2004,0
Allan Simonsen,2005,0
Allan Simonsen,2006,0
Allan Simonsen,2007,0
Allan Simonsen,2008,0
Allan Simonsen,2009,0
Allan Simonsen,2010,0
Allan Simonsen,2011,0
Allan Simonsen,2012,0
Allan Simonsen,2013,0
Allan Simonsen,2014,0
Allan Simonsen,2015,0
Allan Simonsen,2016,0
Allan Simonsen,2017,0
Allan Simonsen,2018,0
Allan Simonsen,2019,0
Allan Simonsen,2020,0
Allan Simonsen,2021,0
Kevin Keegan,1934,0
Kevin Keegan,1935,0
Kevin Keegan,1936,0
Kevin Keegan,1937,0
Kevin Keegan,1938,0
Kevin Keegan,1939,0
Kevin Keegan,1940,0
Kevin Keegan,1941,0
Kevin Keegan,1942,0
Kevin Keegan,1943,0
Kevin Keegan,1944,0
Kevin Keegan,1945,0
Kevin Keegan,1946,0
Kevin Keegan,1947,0
Kevin Keegan,1948,0
Kevin Keegan,1949,0
Kevin Keegan,1950,0
Kevin Keegan,1951,0
Kevin Keegan,1952,0
Kevin Keegan,1953,0
Kevin Keegan,1954,0
Kevin Keegan,1955,0
Kevin Keegan,1956,0
Kevin Keegan,1957,0
Kevin Keegan,1958,0
Kevin Keegan,1959,0
Kevin Keegan,1960,0
Kevin Keegan,1961,0
Kevin Keegan,1962,0
Kevin Keegan,1963,0
Kevin Keegan,1964,0
Kevin Keegan,1965,0
Kevin Keegan,1966,0
Kevin Keegan,1967,0
Kevin Keegan,1968,0
Kevin Keegan,1969,0
Kevin Keegan,1970,0
Kevin Keegan,1971,0
Kevin Keegan,1972,1
Kevin Keegan,1973,1
Kevin Keegan,1974,7
Kevin Keegan,1975,8
Kevin Keegan,1976,9
Kevin Keegan,1977,8
Kevin Keegan,1978,6
Kevin Keegan,1979,8
Kevin Keegan,1980,6
Kevin Keegan,1981,5
Kevin Keegan,1982,4
Kevin Keegan,1983,0
Kevin Keegan,1984,0
Kevin Keegan,1985,0
Kevin Keegan,1986,0
Kevin Keegan,1987,0
Kevin Keegan,1988,0
Kevin Keegan,1989,0
Kevin Keegan,1990,0
Kevin Keegan,1991,0
Kevin Keegan,1992,0
Kevin Keegan,1993,0
Kevin Keegan,1994,0
Kevin Keegan,1995,0
Kevin Keegan,1996,0
Kevin Keegan,1997,0
Kevin Keegan,1998,0
Kevin Keegan,1999,0
Kevin Keegan,2000,0
Kevin Keegan,2001,0
Kevin Keegan,2002,0
Kevin Keegan,2003,0
Kevin Keegan,2004,0
Kevin Keegan,2005,0
Kevin Keegan,2006,0
Kevin Keegan,2007,0
Kevin Keegan,2008,0
Kevin Keegan,2009,0
Kevin Keegan,2010,0
Kevin Keegan,2011,0
Kevin Keegan,2012,0
Kevin Keegan,2013,0
Kevin Keegan,2014,0
Kevin Keegan,2015,0
Kevin Keegan,2016,0
Kevin Keegan,2017,0
Kevin Keegan,2018,0
Kevin Keegan,2019,0
Kevin Keegan,2020,0
Kevin Keegan,2021,0
Karl-Heinz Rummenigge,1934,0
Karl-Heinz Rummenigge,1935,0
Karl-Heinz Rummenigge,1936,0
Karl-Heinz Rummenigge,1937,0
Karl-Heinz Rummenigge,1938,0
Karl-Heinz Rummenigge,1939,0
Karl-Heinz Rummenigge,1940,0
Karl-Heinz Rummenigge,1941,0
Karl-Heinz Rummenigge,1942,0
Karl-Heinz Rummenigge,1943,0
Karl-Heinz Rummenigge,1944,0
Karl-Heinz Rummenigge,1945,0
Karl-Heinz Rummenigge,1946,0
Karl-Heinz Rummenigge,1947,0
Karl-Heinz Rummenigge,1948,0
Karl-Heinz Rummenigge,1949,0
Karl-Heinz Rummenigge,1950,0
Karl-Heinz Rummenigge,1951,0
Karl-Heinz Rummenigge,1952,0
Karl-Heinz Rummenigge,1953,0
Karl-Heinz Rummenigge,1954,0
Karl-Heinz Rummenigge,1955,0
Karl-Heinz Rummenigge,1956,0
Karl-Heinz Rummenigge,1957,0
Karl-Heinz Rummenigge,1958,0
Karl-Heinz Rummenigge,1959,0
Karl-Heinz Rummenigge,1960,0
Karl-Heinz Rummenigge,1961,0
Karl-Heinz Rummenigge,1962,0
Karl-Heinz Rummenigge,1963,0
Karl-Heinz Rummenigge,1964,0
Karl-Heinz Rummenigge,1965,0
Karl-Heinz Rummenigge,1966,0
Karl-Heinz Rummenigge,1967,0
Karl-Heinz Rummenigge,1968,0
Karl-Heinz Rummenigge,1969,0
Karl-Heinz Rummenigge,1970,0
Karl-Heinz Rummenigge,1971,0
Karl-Heinz Rummenigge,1972,0
Karl-Heinz Rummenigge,1973,0
Karl-Heinz Rummenigge,1974,0
Karl-Heinz Rummenigge,1975,0
Karl-Heinz Rummenigge,1976,2
Karl-Heinz Rummenigge,1977,6
Karl-Heinz Rummenigge,1978,12
Karl-Heinz Rummenigge,1979,8
Karl-Heinz Rummenigge,1980,10
Karl-Heinz Rummenigge,1981,11
Karl-Heinz Rummenigge,1982,13
Karl-Heinz Rummenigge,1983,10
Karl-Heinz Rummenigge,1984,8
Karl-Heinz Rummenigge,1985,6
Karl-Heinz Rummenigge,1986,9
Karl-Heinz Rummenigge,1987,0
Karl-Heinz Rummenigge,1988,0
Karl-Heinz Rummenigge,1989,0
Karl-Heinz Rummenigge,1990,0
Karl-Heinz Rummenigge,1991,0
Karl-Heinz Rummenigge,1992,0
Karl-Heinz Rummenigge,1993,0
Karl-Heinz Rummenigge,1994,0
Karl-Heinz Rummenigge,1995,0
Karl-Heinz Rummenigge,1996,0
Karl-Heinz Rummenigge,1997,0
Karl-Heinz Rummenigge,1998,0
Karl-Heinz Rummenigge,1999,0
Karl-Heinz Rummenigge,2000,0
Karl-Heinz Rummenigge,2001,0
Karl-Heinz Rummenigge,2002,0
Karl-Heinz Rummenigge,2003,0
Karl-Heinz Rummenigge,2004,0
Karl-Heinz Rummenigge,2005,0
Karl-Heinz Rummenigge,2006,0
Karl-Heinz Rummenigge,2007,0
Karl-Heinz Rummenigge,2008,0
Karl-Heinz Rummenigge,2009,0
Karl-Heinz Rummenigge,2010,0
Karl-Heinz Rummenigge,2011,0
Karl-Heinz Rummenigge,2012,0
Karl-Heinz Rummenigge,2013,0
Karl-Heinz Rummenigge,2014,0
Karl-Heinz Rummenigge,2015,0
Karl-Heinz Rummenigge,2016,0
Karl-Heinz Rummenigge,2017,0
Karl-Heinz Rummenigge,2018,0
Karl-Heinz Rummenigge,2019,0
Karl-Heinz Rummenigge,2020,0
Karl-Heinz Rummenigge,2021,0
Paolo Rossi,1934,0
Paolo Rossi,1935,0
Paolo Rossi,1936,0
Paolo Rossi,1937,0
Paolo Rossi,1938,0
Paolo Rossi,1939,0
Paolo Rossi,1940,0
Paolo Rossi,1941,0
Paolo Rossi,1942,0
Paolo Rossi,1943,0
Paolo Rossi,1944,0
Paolo Rossi,1945,0
Paolo Rossi,1946,0
Paolo Rossi,1947,0
Paolo Rossi,1948,0
Paolo Rossi,1949,0
Paolo Rossi,1950,0
Paolo Rossi,1951,0
Paolo Rossi,1952,0
Paolo Rossi,1953,0
Paolo Rossi,1954,0
Paolo Rossi,1955,0
Paolo Rossi,1956,0
Paolo Rossi,1957,0
Paolo Rossi,1958,0
Paolo Rossi,1959,0
Paolo Rossi,1960,0
Paolo Rossi,1961,0
Paolo Rossi,1962,0
Paolo Rossi,1963,0
Paolo Rossi,1964,0
Paolo Rossi,1965,0
Paolo Rossi,1966,0
Paolo Rossi,1967,0
Paolo Rossi,1968,0
Paolo Rossi,1969,0
Paolo Rossi,1970,0
Paolo Rossi,1971,0
Paolo Rossi,1972,0
Paolo Rossi,1973,0
Paolo Rossi,1974,0
Paolo Rossi,1975,0
Paolo Rossi,1976,0
Paolo Rossi,1977,1
Paolo Rossi,1978,10
Paolo Rossi,1979,5
Paolo Rossi,1980,3
Paolo Rossi,1981,0
Paolo Rossi,1982,11
Paolo Rossi,1983,7
Paolo Rossi,1984,6
Paolo Rossi,1985,3
Paolo Rossi,1986,2
Paolo Rossi,1987,0
Paolo Rossi,1988,0
Paolo Rossi,1989,0
Paolo Rossi,1990,0
Paolo Rossi,1991,0
Paolo Rossi,1992,0
Paolo Rossi,1993,0
Paolo Rossi,1994,0
Paolo Rossi,1995,0
Paolo Rossi,1996,0
Paolo Rossi,1997,0
Paolo Rossi,1998,0
Paolo Rossi,1999,0
Paolo Rossi,2000,0
Paolo Rossi,2001,0
Paolo Rossi,2002,0
Paolo Rossi,2003,0
Paolo Rossi,2004,0
Paolo Rossi,2005,0
Paolo Rossi,2006,0
Paolo Rossi,2007,0
Paolo Rossi,2008,0
Paolo Rossi,2009,0
Paolo Rossi,2010,0
Paolo Rossi,2011,0
Paolo Rossi,2012,0
Paolo Rossi,2013,0
Paolo Rossi,2014,0
Paolo Rossi,2015,0
Paolo Rossi,2016,0
Paolo Rossi,2017,0
Paolo Rossi,2018,0
Paolo Rossi,2019,0
Paolo Rossi,2020,0
Paolo Rossi,2021,0
Michel Platini,1934,0
Michel Platini,1935,0
Michel Platini,1936,0
Michel Platini,1937,0
Michel Platini,1938,0
Michel Platini,1939,0
Michel Platini,1940,0
Michel Platini,1941,0
Michel Platini,1942,0
Michel Platini,1943,0
Michel Platini,1944,0
Michel Platini,1945,0
Michel Platini,1946,0
Michel Platini,1947,0
Michel Platini,1948,0
Michel Platini,1949,0
Michel Platini,1950,0
Michel Platini,1951,0
Michel Platini,1952,0
Michel Platini,1953,0
Michel Platini,1954,0
Michel Platini,1955,0
Michel Platini,1956,0
Michel Platini,1957,0
Michel Platini,1958,0
Michel Platini,1959,0
Michel Platini,1960,0
Michel Platini,1961,0
Michel Platini,1962,0
Michel Platini,1963,0
Michel Platini,1964,0
Michel Platini,1965,0
Michel Platini,1966,0
Michel Platini,1967,0
Michel Platini,1968,0
Michel Platini,1969,0
Michel Platini,1970,0
Michel Platini,1971,0
Michel Platini,1972,0
Michel Platini,1973,0
Michel Platini,1974,0
Michel Platini,1975,0
Michel Platini,1976,5
Michel Platini,1977,7
Michel Platini,1978,6
Michel Platini,1979,4
Michel Platini,1980,6
Michel Platini,1981,4
Michel Platini,1982,10
Michel Platini,1983,4
Michel Platini,1984,10
Michel Platini,1985,6
Michel Platini,1986,9
Michel Platini,1987,1
Michel Platini,1988,0
Michel Platini,1989,0
Michel Platini,1990,0
Michel Platini,1991,0
Michel Platini,1992,0
Michel Platini,1993,0
Michel Platini,1994,0
Michel Platini,1995,0
Michel Platini,1996,0
Michel Platini,1997,0
Michel Platini,1998,0
Michel Platini,1999,0
Michel Platini,2000,0
Michel Platini,2001,0
Michel Platini,2002,0
Michel Platini,2003,0
Michel Platini,2004,0
Michel Platini,2005,0
Michel Platini,2006,0
Michel Platini,2007,0
Michel Platini,2008,0
Michel Platini,2009,0
Michel Platini,2010,0
Michel Platini,2011,0
Michel Platini,2012,0
Michel Platini,2013,0
Michel Platini,2014,0
Michel Platini,2015,0
Michel Platini,2016,0
Michel Platini,2017,0
Michel Platini,2018,0
Michel Platini,2019,0
Michel Platini,2020,0
Michel Platini,2021,0
Igor Belanov,1934,0
Igor Belanov,1935,0
Igor Belanov,1936,0
Igor Belanov,1937,0
Igor Belanov,1938,0
Igor Belanov,1939,0
Igor Belanov,1940,0
Igor Belanov,1941,0
Igor Belanov,1942,0
Igor Belanov,1943,0
Igor Belanov,1944,0
Igor Belanov,1945,0
Igor Belanov,1946,0
Igor Belanov,1947,0
Igor Belanov,1948,0
Igor Belanov,1949,0
Igor Belanov,1950,0
Igor Belanov,1951,0
Igor Belanov,1952,0
Igor Belanov,1953,0
Igor Belanov,1954,0
Igor Belanov,1955,0
Igor Belanov,1956,0
Igor Belanov,1957,0
Igor Belanov,1958,0
Igor Belanov,1959,0
Igor Belanov,1960,0
Igor Belanov,1961,0
Igor Belanov,1962,0
Igor Belanov,1963,0
Igor Belanov,1964,0
Igor Belanov,1965,0
Igor Belanov,1966,0
Igor Belanov,1967,0
Igor Belanov,1968,0
Igor Belanov,1969,0
Igor Belanov,1970,0
Igor Belanov,1971,0
Igor Belanov,1972,0
Igor Belanov,1973,0
Igor Belanov,1974,0
Igor Belanov,1975,0
Igor Belanov,1976,0
Igor Belanov,1977,0
Igor Belanov,1978,0
Igor Belanov,1979,0
Igor Belanov,1980,0
Igor Belanov,1981,0
Igor Belanov,1982,0
Igor Belanov,1983,0
Igor Belanov,1984,0
Igor Belanov,1985,3
Igor Belanov,1986,8
Igor Belanov,1987,7
Igor Belanov,1988,13
Igor Belanov,1989,1
Igor Belanov,1990,1
Igor Belanov,1991,0
Igor Belanov,1992,0
Igor Belanov,1993,0
Igor Belanov,1994,0
Igor Belanov,1995,0
Igor Belanov,1996,0
Igor Belanov,1997,0
Igor Belanov,1998,0
Igor Belanov,1999,0
Igor Belanov,2000,0
Igor Belanov,2001,0
Igor Belanov,2002,0
Igor Belanov,2003,0
Igor Belanov,2004,0
Igor Belanov,2005,0
Igor Belanov,2006,0
Igor Belanov,2007,0
Igor Belanov,2008,0
Igor Belanov,2009,0
Igor Belanov,2010,0
Igor Belanov,2011,0
Igor Belanov,2012,0
Igor Belanov,2013,0
Igor Belanov,2014,0
Igor Belanov,2015,0
Igor Belanov,2016,0
Igor Belanov,2017,0
Igor Belanov,2018,0
Igor Belanov,2019,0
Igor Belanov,2020,0
Igor Belanov,2021,0
Ruud Gullit,1934,0
Ruud Gullit,1935,0
Ruud Gullit,1936,0
Ruud Gullit,1937,0
Ruud Gullit,1938,0
Ruud Gullit,1939,0
Ruud Gullit,1940,0
Ruud Gullit,1941,0
Ruud Gullit,1942,0
Ruud Gullit,1943,0
Ruud Gullit,1944,0
Ruud Gullit,1945,0
Ruud Gullit,1946,0
Ruud Gullit,1947,0
Ruud Gullit,1948,0
Ruud Gullit,1949,0
Ruud Gullit,1950,0
Ruud Gullit,1951,0
Ruud Gullit,1952,0
Ruud Gullit,1953,0
Ruud Gullit,1954,0
Ruud Gullit,1955,0
Ruud Gullit,1956,0
Ruud Gullit,1957,0
Ruud Gullit,1958,0
Ruud Gullit,1959,0
Ruud Gullit,1960,0
Ruud Gullit,1961,0
Ruud Gullit,1962,0
Ruud Gullit,1963,0
Ruud Gullit,1964,0
Ruud Gullit,1965,0
Ruud Gullit,1966,0
Ruud Gullit,1967,0
Ruud Gullit,1968,0
Ruud Gullit,1969,0
Ruud Gullit,1970,0
Ruud Gullit,1971,0
Ruud Gullit,1972,0
Ruud Gullit,1973,0
Ruud Gullit,1974,0
Ruud Gullit,1975,0
Ruud Gullit,1976,0
Ruud Gullit,1977,0
Ruud Gullit,1978,0
Ruud Gullit,1979,0
Ruud Gullit,1980,0
Ruud Gullit,1981,1
Ruud Gullit,1982,5
Ruud Gullit,1983,6
Ruud Gullit,1984,4
Ruud Gullit,1985,4
Ruud Gullit,1986,6
Ruud Gullit,1987,6
Ruud Gullit,1988,8
Ruud Gullit,1989,2
Ruud Gullit,1990,9
Ruud Gullit,1991,4
Ruud Gullit,1992,8
Ruud Gullit,1993,2
Ruud Gullit,1994,1
Ruud Gullit,1995,0
Ruud Gullit,1996,0
Ruud Gullit,1997,0
Ruud Gullit,1998,0
Ruud Gullit,1999,0
Ruud Gullit,2000,0
Ruud Gullit,2001,0
Ruud Gullit,2002,0
Ruud Gullit,2003,0
Ruud Gullit,2004,0
Ruud Gullit,2005,0
Ruud Gullit,2006,0
Ruud Gullit,2007,0
Ruud Gullit,2008,0
Ruud Gullit,2009,0
Ruud Gullit,2010,0
Ruud Gullit,2011,0
Ruud Gullit,2012,0
Ruud Gullit,2013,0
Ruud Gullit,2014,0
Ruud Gullit,2015,0
Ruud Gullit,2016,0
Ruud Gullit,2017,0
Ruud Gullit,2018,0
Ruud Gullit,2019,0
Ruud Gullit,2020,0
Ruud Gullit,2021,0
Marco van Basten,1934,0
Marco van Basten,1935,0
Marco van Basten,1936,0
Marco van Basten,1937,0
Marco van Basten,1938,0
Marco van Basten,1939,0
Marco van Basten,1940,0
Marco van Basten,1941,0
Marco van Basten,1942,0
Marco van Basten,1943,0
Marco van Basten,1944,0
Marco van Basten,1945,0
Marco van Basten,1946,0
Marco van Basten,1947,0
Marco van Basten,1948,0
Marco van Basten,1949,0
Marco van Basten,1950,0
Marco van Basten,1951,0
Marco van Basten,1952,0
Marco van Basten,1953,0
Marco van Basten,1954,0
Marco van Basten,1955,0
Marco van Basten,1956,0
Marco van Basten,1957,0
Marco van Basten,1958,0
Marco van Basten,1959,0
Marco van Basten,1960,0
Marco van Basten,1961,0
Marco van Basten,1962,0
Marco van Basten,1963,0
Marco van Basten,1964,0
Marco van Basten,1965,0
Marco van Basten,1966,0
Marco van Basten,1967,0
Marco van Basten,1968,0
Marco van Basten,1969,0
Marco van Basten,1970,0
Marco van Basten,1971,0
Marco van Basten,1972,0
Marco van Basten,1973,0
Marco van Basten,1974,0
Marco van Basten,1975,0
Marco van Basten,1976,0
Marco van Basten,1977,0
Marco van Basten,1978,0
Marco van Basten,1979,0
Marco van Basten,1980,0
Marco van Basten,1981,0
Marco van Basten,1982,0
Marco van Basten,1983,3
Marco van Basten,1984,3
Marco van Basten,1985,4
Marco van Basten,1986,4
Marco van Basten,1987,4
Marco van Basten,1988,9
Marco van Basten,1989,5
Marco van Basten,1990,11
Marco van Basten,1991,5
Marco van Basten,1992,10
Marco van Basten,1993,0
Marco van Basten,1994,0
Marco van Basten,1995,0
Marco van Basten,1996,0
Marco van Basten,1997,0
Marco van Basten,1998,0
Marco van Basten,1999,0
Marco van Basten,2000,0
Marco van Basten,2001,0
Marco van Basten,2002,0
Marco van Basten,2003,0
Marco van Basten,2004,0
Marco van Basten,2005,0
Marco van Basten,2006,0
Marco van Basten,2007,0
Marco van Basten,2008,0
Marco van Basten,2009,0
Marco van Basten,2010,0
Marco van Basten,2011,0
Marco van Basten,2012,0
Marco van Basten,2013,0
Marco van Basten,2014,0
Marco van Basten,2015,0
Marco van Basten,2016,0
Marco van Basten,2017,0
Marco van Basten,2018,0
Marco van Basten,2019,0
Marco van Basten,2020,0
Marco van Basten,2021,0
Lothar Matthaus,1934,0
Lothar Matthaus,1935,0
Lothar Matthaus,1936,0
Lothar Matthaus,1937,0
Lothar Matthaus,1938,0
Lothar Matthaus,1939,0
Lothar Matthaus,1940,0
Lothar Matthaus,1941,0
Lothar Matthaus,1942,0
Lothar Matthaus,1943,0
Lothar Matthaus,1944,0
Lothar Matthaus,1945,0
Lothar Matthaus,1946,0
Lothar Matthaus,1947,0
Lothar Matthaus,1948,0
Lothar Matthaus,1949,0
Lothar Matthaus,1950,0
Lothar Matthaus,1951,0
Lothar Matthaus,1952,0
Lothar Matthaus,1953,0
Lothar Matthaus,1954,0
Lothar Matthaus,1955,0
Lothar Matthaus,1956,0
Lothar Matthaus,1957,0
Lothar Matthaus,1958,0
Lothar Matthaus,1959,0
Lothar Matthaus,1960,0
Lothar Matthaus,1961,0
Lothar Matthaus,1962,0
Lothar Matthaus,1963,0
Lothar Matthaus,1964,0
Lothar Matthaus,1965,0
Lothar Matthaus,1966,0
Lothar Matthaus,1967,0
Lothar Matthaus,1968,0
Lothar Matthaus,1969,0
Lothar Matthaus,1970,0
Lothar Matthaus,1971,0
Lothar Matthaus,1972,0
Lothar Matthaus,1973,0
Lothar Matthaus,1974,0
Lothar Matthaus,1975,0
Lothar Matthaus,1976,0
Lothar Matthaus,1977,0
Lothar Matthaus,1978,0
Lothar Matthaus,1979,0
Lothar Matthaus,1980,1
Lothar Matthaus,1981,1
Lothar Matthaus,1982,10
Lothar Matthaus,1983,7
Lothar Matthaus,1984,10
Lothar Matthaus,1985,7
Lothar Matthaus,1986,15
Lothar Matthaus,1987,6
Lothar Matthaus,1988,10
Lothar Matthaus,1989,3
Lothar Matthaus,1990,15
Lothar Matthaus,1991,7
Lothar Matthaus,1992,4
Lothar Matthaus,1993,11
Lothar Matthaus,1994,15
Lothar Matthaus,1995,0
Lothar Matthaus,1996,0
Lothar Matthaus,1997,0
Lothar Matthaus,1998,8
Lothar Matthaus,1999,13
Lothar Matthaus,2000,7
Lothar Matthaus,2001,0
Lothar Matthaus,2002,0
Lothar Matthaus,2003,0
Lothar Matthaus,2004,0
Lothar Matthaus,2005,0
Lothar Matthaus,2006,0
Lothar Matthaus,2007,0
Lothar Matthaus,2008,0
Lothar Matthaus,2009,0
Lothar Matthaus,2010,0
Lothar Matthaus,2011,0
Lothar Matthaus,2012,0
Lothar Matthaus,2013,0
Lothar Matthaus,2014,0
Lothar Matthaus,2015,0
Lothar Matthaus,2016,0
Lothar Matthaus,2017,0
Lothar Matthaus,2018,0
Lothar Matthaus,2019,0
Lothar Matthaus,2020,0
Lothar Matthaus,2021,0
Jean-Pierre Papin,1934,0
Jean-Pierre Papin,1935,0
Jean-Pierre Papin,1936,0
Jean-Pierre Papin,1937,0
Jean-Pierre Papin,1938,0
Jean-Pierre Papin,1939,0
Jean-Pierre Papin,1940,0
Jean-Pierre Papin,1941,0
Jean-Pierre Papin,1942,0
Jean-Pierre Papin,1943,0
Jean-Pierre Papin,1944,0
Jean-Pierre Papin,1945,0
Jean-Pierre Papin,1946,0
Jean-Pierre Papin,1947,0
Jean-Pierre Papin,1948,0
Jean-Pierre Papin,1949,0
Jean-Pierre Papin,1950,0
Jean-Pierre Papin,1951,0
Jean-Pierre Papin,1952,0
Jean-Pierre Papin,1953,0
Jean-Pierre Papin,1954,0
Jean-Pierre Papin,1955,0
Jean-Pierre Papin,1956,0
Jean-Pierre Papin,1957,0
Jean-Pierre Papin,1958,0
Jean-Pierre Papin,1959,0
Jean-Pierre Papin,1960,0
Jean-Pierre Papin,1961,0
Jean-Pierre Papin,1962,0
Jean-Pierre Papin,1963,0
Jean-Pierre Papin,1964,0
Jean-Pierre Papin,1965,0
Jean-Pierre Papin,1966,0
Jean-Pierre Papin,1967,0
Jean-Pierre Papin,1968,0
Jean-Pierre Papin,1969,0
Jean-Pierre Papin,1970,0
Jean-Pierre Papin,1971,0
Jean-Pierre Papin,1972,0
Jean-Pierre Papin,1973,0
Jean-Pierre Papin,1974,0
Jean-Pierre Papin,1975,0
Jean-Pierre Papin,1976,0
Jean-Pierre Papin,1977,0
Jean-Pierre Papin,1978,0
Jean-Pierre Papin,1979,0
Jean-Pierre Papin,1980,0
Jean-Pierre Papin,1981,0
Jean-Pierre Papin,1982,0
Jean-Pierre Papin,1983,0
Jean-Pierre Papin,1984,0
Jean-Pierre Papin,1985,0
Jean-Pierre Papin,1986,7
Jean-Pierre Papin,1987,5
Jean-Pierre Papin,1988,4
Jean-Pierre Papin,1989,6
Jean-Pierre Papin,1990,5
Jean-Pierre Papin,1991,5
Jean-Pierre Papin,1992,8
Jean-Pierre Papin,1993,7
Jean-Pierre Papin,1994,6
Jean-Pierre Papin,1995,1
Jean-Pierre Papin,1996,0
Jean-Pierre Papin,1997,0
Jean-Pierre Papin,1998,0
Jean-Pierre Papin,1999,0
Jean-Pierre Papin,2000,0
Jean-Pierre Papin,2001,0
Jean-Pierre Papin,2002,0
Jean-Pierre Papin,2003,0
Jean-Pierre Papin,2004,0
Jean-Pierre Papin,2005,0
Jean-Pierre Papin,2006,0
Jean-Pierre Papin,2007,0
Jean-Pierre Papin,2008,0
Jean-Pierre Papin,2009,0
Jean-Pierre Papin,2010,0
Jean-Pierre Papin,2011,0
Jean-Pierre Papin,2012,0
Jean-Pierre Papin,2013,0
Jean-Pierre Papin,2014,0
Jean-Pierre Papin,2015,0
Jean-Pierre Papin,2016,0
Jean-Pierre Papin,2017,0
Jean-Pierre Papin,2018,0
Jean-Pierre Papin,2019,0
Jean-Pierre Papin,2020,0
Jean-Pierre Papin,2021,0
Roberto Baggio,1934,0
Roberto Baggio,1935,0
Roberto Baggio,1936,0
Roberto Baggio,1937,0
Roberto Baggio,1938,0
Roberto Baggio,1939,0
Roberto Baggio,1940,0
Roberto Baggio,1941,0
Roberto Baggio,1942,0
Roberto Baggio,1943,0
Roberto Baggio,1944,0
Roberto Baggio,1945,0
Roberto Baggio,1946,0
Roberto Baggio,1947,0
Roberto Baggio,1948,0
Roberto Baggio,1949,0
Roberto Baggio,1950,0
Roberto Baggio,1951,0
Roberto Baggio,1952,0
Roberto Baggio,1953,0
Roberto Baggio,1954,0
Roberto Baggio,1955,0
Roberto Baggio,1956,0
Roberto Baggio,1957,0
Roberto Baggio,1958,0
Roberto Baggio,1959,0
Roberto Baggio,1960,0
Roberto Baggio,1961,0
Roberto Baggio,1962,0
Roberto Baggio,1963,0
Roberto Baggio,1964,0
Roberto Baggio,1965,0
Roberto Baggio,1966,0
Roberto Baggio,1967,0
Roberto Baggio,1968,0
Roberto Baggio,1969,0
Roberto Baggio,1970,0
Roberto Baggio,1971,0
Roberto Baggio,1972,0
Roberto Baggio,1973,0
Roberto Baggio,1974,0
Roberto Baggio,1975,0
Roberto Baggio,1976,0
Roberto Baggio,1977,0
Roberto Baggio,1978,0
Roberto Baggio,1979,0
Roberto Baggio,1980,0
Roberto Baggio,1981,0
Roberto Baggio,1982,0
Roberto Baggio,1983,0
Roberto Baggio,1984,0
Roberto Baggio,1985,0
Roberto Baggio,1986,0
Roberto Baggio,1987,0
Roberto Baggio,1988,1
Roberto Baggio,1989,6
Roberto Baggio,1990,9
Roberto Baggio,1991,2
Roberto Baggio,1992,7
Roberto Baggio,1993,7
Roberto Baggio,1994,12
Roberto Baggio,1995,1
Roberto Baggio,1996,0
Roberto Baggio,1997,2
Roberto Baggio,1998,6
Roberto Baggio,1999,2
Roberto Baggio,2000,0
Roberto Baggio,2001,0
Roberto Baggio,2002,0
Roberto Baggio,2003,0
Roberto Baggio,2004,1
Roberto Baggio,2005,0
Roberto Baggio,2006,0
Roberto Baggio,2007,0
Roberto Baggio,2008,0
Roberto Baggio,2009,0
Roberto Baggio,2010,0
Roberto Baggio,2011,0
Roberto Baggio,2012,0
Roberto Baggio,2013,0
Roberto Baggio,2014,0
Roberto Baggio,2015,0
Roberto Baggio,2016,0
Roberto Baggio,2017,0
Roberto Baggio,2018,0
Roberto Baggio,2019,0
Roberto Baggio,2020,0
Roberto Baggio,2021,0
Hristo Stoichkov,1934,0
Hristo Stoichkov,1935,0
Hristo Stoichkov,1936,0
Hristo Stoichkov,1937,0
Hristo Stoichkov,1938,0
Hristo Stoichkov,1939,0
Hristo Stoichkov,1940,0
Hristo Stoichkov,1941,0
Hristo Stoichkov,1942,0
Hristo Stoichkov,1943,0
Hristo Stoichkov,1944,0
Hristo Stoichkov,1945,0
Hristo Stoichkov,1946,0
Hristo Stoichkov,1947,0
Hristo Stoichkov,1948,0
Hristo Stoichkov,1949,0
Hristo Stoichkov,1950,0
Hristo Stoichkov,1951,0
Hristo Stoichkov,1952,0
Hristo Stoichkov,1953,0
Hristo Stoichkov,1954,0
Hristo Stoichkov,1955,0
Hristo Stoichkov,1956,0
Hristo Stoichkov,1957,0
Hristo Stoichkov,1958,0
Hristo Stoichkov,1959,0
Hristo Stoichkov,1960,0
Hristo Stoichkov,1961,0
Hristo Stoichkov,1962,0
Hristo Stoichkov,1963,0
Hristo Stoichkov,1964,0
Hristo Stoichkov,1965,0
Hristo Stoichkov,1966,0
Hristo Stoichkov,1967,0
Hristo Stoichkov,1968,0
Hristo Stoichkov,1969,0
Hristo Stoichkov,1970,0
Hristo Stoichkov,1971,0
Hristo Stoichkov,1972,0
Hristo Stoichkov,1973,0
Hristo Stoichkov,1974,0
Hristo Stoichkov,1975,0
Hristo Stoichkov,1976,0
Hristo Stoichkov,1977,0
Hristo Stoichkov,1978,0
Hristo Stoichkov,1979,0
Hristo Stoichkov,1980,0
Hristo Stoichkov,1981,0
Hristo Stoichkov,1982,0
Hristo Stoichkov,1983,0
Hristo Stoichkov,1984,0
Hristo Stoichkov,1985,0
Hristo Stoichkov,1986,0
Hristo Stoichkov,1987,3
Hristo Stoichkov,1988,12
Hristo Stoichkov,1989,8
Hristo Stoichkov,1990,4
Hristo Stoichkov,1991,3
Hristo Stoichkov,1992,5
Hristo Stoichkov,1993,6
Hristo Stoichkov,1994,11
Hristo Stoichkov,1995,7
Hristo Stoichkov,1996,5
Hristo Stoichkov,1997,4
Hristo Stoichkov,1998,10
Hristo Stoichkov,1999,5
Hristo Stoichkov,2000,0
Hristo Stoichkov,2001,0
Hristo Stoichkov,2002,0
Hristo Stoichkov,2003,0
Hristo Stoichkov,2004,0
Hristo Stoichkov,2005,0
Hristo Stoichkov,2006,0
Hristo Stoichkov,2007,0
Hristo Stoichkov,2008,0
Hristo Stoichkov,2009,0
Hristo Stoichkov,2010,0
Hristo Stoichkov,2011,0
Hristo Stoichkov,2012,0
Hristo Stoichkov,2013,0
Hristo Stoichkov,2014,0
Hristo Stoichkov,2015,0
Hristo Stoichkov,2016,0
Hristo Stoichkov,2017,0
Hristo Stoichkov,2018,0
Hristo Stoichkov,2019,0
Hristo Stoichkov,2020,0
Hristo Stoichkov,2021,0
George Weah,1934,0
George Weah,1935,0
George Weah,1936,0
George Weah,1937,0
George Weah,1938,0
George Weah,1939,0
George Weah,1940,0
George Weah,1941,0
George Weah,1942,0
George Weah,1943,0
George Weah,1944,0
George Weah,1945,0
George Weah,1946,0
George Weah,1947,0
George Weah,1948,0
George Weah,1949,0
George Weah,1950,0
George Weah,1951,0
George Weah,1952,0
George Weah,1953,0
George Weah,1954,0
George Weah,1955,0
George Weah,1956,0
George Weah,1957,0
George Weah,1958,0
George Weah,1959,0
George Weah,1960,0
George Weah,1961,0
George Weah,1962,0
George Weah,1963,0
George Weah,1964,0
George Weah,1965,0
George Weah,1966,0
George Weah,1967,0
George Weah,1968,0
George Weah,1969,0
George Weah,1970,0
George Weah,1971,0
George Weah,1972,0
George Weah,1973,0
George Weah,1974,0
George Weah,1975,0
George Weah,1976,0
George Weah,1977,0
George Weah,1978,0
George Weah,1979,0
George Weah,1980,0
George Weah,1981,0
George Weah,1982,0
George Weah,1983,0
George Weah,1984,0
George Weah,1985,0
George Weah,1986,0
George Weah,1987,1
George Weah,1988,2
George Weah,1989,5
George Weah,1990,0
George Weah,1991,0
George Weah,1992,0
George Weah,1993,0
George Weah,1994,2
George Weah,1995,5
George Weah,1996,6
George Weah,1997,8
George Weah,1998,3
George Weah,1999,3
George Weah,2000,5
George Weah,2001,9
George Weah,2002,3
George Weah,2003,0
George Weah,2004,0
George Weah,2005,0
George Weah,2006,0
George Weah,2007,0
George Weah,2008,0
George Weah,2009,0
George Weah,2010,0
George Weah,2011,0
George Weah,2012,0
George Weah,2013,0
George Weah,2014,0
George Weah,2015,0
George Weah,2016,0
George Weah,2017,0
George Weah,2018,1
George Weah,2019,0
George Weah,2020,0
George Weah,2021,0
Matthias Sammer,1934,0
Matthias Sammer,1935,0
Matthias Sammer,1936,0
Matthias Sammer,1937,0
Matthias Sammer,1938,0
Matthias Sammer,1939,0
Matthias Sammer,1940,0
Matthias Sammer,1941,0
Matthias Sammer,1942,0
Matthias Sammer,1943,0
Matthias Sammer,1944,0
Matthias Sammer,1945,0
Matthias Sammer,1946,0
Matthias Sammer,1947,0
Matthias Sammer,1948,0
Matthias Sammer,1949,0
Matthias Sammer,1950,0
Matthias Sammer,1951,0
Matthias Sammer,1952,0
Matthias Sammer,1953,0
Matthias Sammer,1954,0
Matthias Sammer,1955,0
Matthias Sammer,1956,0
Matthias Sammer,1957,0
Matthias Sammer,1958,0
Matthias Sammer,1959,0
Matthias Sammer,1960,0
Matthias Sammer,1961,0
Matthias Sammer,1962,0
Matthias Sammer,1963,0
Matthias Sammer,1964,0
Matthias Sammer,1965,0
Matthias Sammer,1966,0
Matthias Sammer,1967,0
Matthias Sammer,1968,0
Matthias Sammer,1969,0
Matthias Sammer,1970,0
Matthias Sammer,1971,0
Matthias Sammer,1972,0
Matthias Sammer,1973,0
Matthias Sammer,1974,0
Matthias Sammer,1975,0
Matthias Sammer,1976,0
Matthias Sammer,1977,0
Matthias Sammer,1978,0
Matthias Sammer,1979,0
Matthias Sammer,1980,0
Matthias Sammer,1981,0
Matthias Sammer,1982,0
Matthias Sammer,1983,0
Matthias Sammer,1984,0
Matthias Sammer,1985,0
Matthias Sammer,1986,1
Matthias Sammer,1987,0
Matthias Sammer,1988,6
Matthias Sammer,1989,11
Matthias Sammer,1990,6
Matthias Sammer,1991,3
Matthias Sammer,1992,9
Matthias Sammer,1993,6
Matthias Sammer,1994,12
Matthias Sammer,1995,6
Matthias Sammer,1996,11
Matthias Sammer,1997,3
Matthias Sammer,1998,0
Matthias Sammer,1999,0
Matthias Sammer,2000,0
Matthias Sammer,2001,0
Matthias Sammer,2002,0
Matthias Sammer,2003,0
Matthias Sammer,2004,0
Matthias Sammer,2005,0
Matthias Sammer,2006,0
Matthias Sammer,2007,0
Matthias Sammer,2008,0
Matthias Sammer,2009,0
Matthias Sammer,2010,0
Matthias Sammer,2011,0
Matthias Sammer,2012,0
Matthias Sammer,2013,0
Matthias Sammer,2014,0
Matthias Sammer,2015,0
Matthias Sammer,2016,0
Matthias Sammer,2017,0
Matthias Sammer,2018,0
Matthias Sammer,2019,0
Matthias Sammer,2020,0
Matthias Sammer,2021,0
Ronaldo,1934,0
Ronaldo,1935,0
Ronaldo,1936,0
Ronaldo,1937,0
Ronaldo,1938,0
Ronaldo,1939,0
Ronaldo,1940,0
Ronaldo,1941,0
Ronaldo,1942,0
Ronaldo,1943,0
Ronaldo,1944,0
Ronaldo,1945,0
Ronaldo,1946,0
Ronaldo,1947,0
Ronaldo,1948,0
Ronaldo,1949,0
Ronaldo,1950,0
Ronaldo,1951,0
Ronaldo,1952,0
Ronaldo,1953,0
Ronaldo,1954,0
Ronaldo,1955,0
Ronaldo,1956,0
Ronaldo,1957,0
Ronaldo,1958,0
Ronaldo,1959,0
Ronaldo,1960,0
Ronaldo,1961,0
Ronaldo,1962,0
Ronaldo,1963,0
Ronaldo,1964,0
Ronaldo,1965,0
Ronaldo,1966,0
Ronaldo,1967,0
Ronaldo,1968,0
Ronaldo,1969,0
Ronaldo,1970,0
Ronaldo,1971,0
Ronaldo,1972,0
Ronaldo,1973,0
Ronaldo,1974,0
Ronaldo,1975,0
Ronaldo,1976,0
Ronaldo,1977,0
Ronaldo,1978,0
Ronaldo,1979,0
Ronaldo,1980,0
Ronaldo,1981,0
Ronaldo,1982,0
Ronaldo,1983,0
Ronaldo,1984,0
Ronaldo,1985,0
Ronaldo,1986,0
Ronaldo,1987,0
Ronaldo,1988,0
Ronaldo,1989,0
Ronaldo,1990,0
Ronaldo,1991,0
Ronaldo,1992,0
Ronaldo,1993,0
Ronaldo,1994,4
Ronaldo,1995,6
Ronaldo,1996,4
Ronaldo,1997,20
Ronaldo,1998,10
Ronaldo,1999,10
Ronaldo,2000,0
Ronaldo,2001,0
Ronaldo,2002,12
Ronaldo,2003,8
Ronaldo,2004,11
Ronaldo,2005,5
Ronaldo,2006,8
Ronaldo,2007,0
Ronaldo,2008,0
Ronaldo,2009,0
Ronaldo,2010,0
Ronaldo,2011,1
Ronaldo,2012,0
Ronaldo,2013,0
Ronaldo,2014,0
Ronaldo,2015,0
Ronaldo,2016,0
Ronaldo,2017,0
Ronaldo,2018,0
Ronaldo,2019,0
Ronaldo,2020,0
Ronaldo,2021,0
Zinedine Zidane,1934,0
Zinedine Zidane,1935,0
Zinedine Zidane,1936,0
Zinedine Zidane,1937,0
Zinedine Zidane,1938,0
Zinedine Zidane,1939,0
Zinedine Zidane,1940,0
Zinedine Zidane,1941,0
Zinedine Zidane,1942,0
Zinedine Zidane,1943,0
Zinedine Zidane,1944,0
Zinedine Zidane,1945,0
Zinedine Zidane,1946,0
Zinedine Zidane,1947,0
Zinedine Zidane,1948,0
Zinedine Zidane,1949,0
Zinedine Zidane,1950,0
Zinedine Zidane,1951,0
Zinedine Zidane,1952,0
Zinedine Zidane,1953,0
Zinedine Zidane,1954,0
Zinedine Zidane,1955,0
Zinedine Zidane,1956,0
Zinedine Zidane,1957,0
Zinedine Zidane,1958,0
Zinedine Zidane,1959,0
Zinedine Zidane,1960,0
Zinedine Zidane,1961,0
Zinedine Zidane,1962,0
Zinedine Zidane,1963,0
Zinedine Zidane,1964,0
Zinedine Zidane,1965,0
Zinedine Zidane,1966,0
Zinedine Zidane,1967,0
Zinedine Zidane,1968,0
Zinedine Zidane,1969,0
Zinedine Zidane,1970,0
Zinedine Zidane,1971,0
Zinedine Zidane,1972,0
Zinedine Zidane,1973,0
Zinedine Zidane,1974,0
Zinedine Zidane,1975,0
Zinedine Zidane,1976,0
Zinedine Zidane,1977,0
Zinedine Zidane,1978,0
Zinedine Zidane,1979,0
Zinedine Zidane,1980,0
Zinedine Zidane,1981,0
Zinedine Zidane,1982,0
Zinedine Zidane,1983,0
Zinedine Zidane,1984,0
Zinedine Zidane,1985,0
Zinedine Zidane,1986,0
Zinedine Zidane,1987,0
Zinedine Zidane,1988,0
Zinedine Zidane,1989,0
Zinedine Zidane,1990,0
Zinedine Zidane,1991,0
Zinedine Zidane,1992,0
Zinedine Zidane,1993,0
Zinedine Zidane,1994,2
Zinedine Zidane,1995,6
Zinedine Zidane,1996,12
Zinedine Zidane,1997,8
Zinedine Zidane,1998,15
Zinedine Zidane,1999,6
Zinedine Zidane,2000,13
Zinedine Zidane,2001,8
Zinedine Zidane,2002,9
Zinedine Zidane,2003,7
Zinedine Zidane,2004,7
Zinedine Zidane,2005,5
Zinedine Zidane,2006,10
Zinedine Zidane,2007,0
Zinedine Zidane,2008,0
Zinedine Zidane,2009,0
Zinedine Zidane,2010,0
Zinedine Zidane,2011,0
Zinedine Zidane,2012,0
Zinedine Zidane,2013,0
Zinedine Zidane,2014,0
Zinedine Zidane,2015,0
Zinedine Zidane,2016,0
Zinedine Zidane,2017,0
Zinedine Zidane,2018,0
Zinedine Zidane,2019,0
Zinedine Zidane,2020,0
Zinedine Zidane,2021,0
Rivaldo,1934,0
Rivaldo,1935,0
Rivaldo,1936,0
Rivaldo,1937,0
Rivaldo,1938,0
Rivaldo,1939,0
Rivaldo,1940,0
Rivaldo,1941,0
Rivaldo,1942,0
Rivaldo,1943,0
Rivaldo,1944,0
Rivaldo,1945,0
Rivaldo,1946,0
Rivaldo,1947,0
Rivaldo,1948,0
Rivaldo,1949,0
Rivaldo,1950,0
Rivaldo,1951,0
Rivaldo,1952,0
Rivaldo,1953,0
Rivaldo,1954,0
Rivaldo,1955,0
Rivaldo,1956,0
Rivaldo,1957,0
Rivaldo,1958,0
Rivaldo,1959,0
Rivaldo,1960,0
Rivaldo,1961,0
Rivaldo,1962,0
Rivaldo,1963,0
Rivaldo,1964,0
Rivaldo,1965,0
Rivaldo,1966,0
Rivaldo,1967,0
Rivaldo,1968,0
Rivaldo,1969,0
Rivaldo,1970,0
Rivaldo,1971,0
Rivaldo,1972,0
Rivaldo,1973,0
Rivaldo,1974,0
Rivaldo,1975,0
Rivaldo,1976,0
Rivaldo,1977,0
Rivaldo,1978,0
Rivaldo,1979,0
Rivaldo,1980,0
Rivaldo,1981,0
Rivaldo,1982,0
Rivaldo,1983,0
Rivaldo,1984,0
Rivaldo,1985,0
Rivaldo,1986,0
Rivaldo,1987,0
Rivaldo,1988,0
Rivaldo,1989,0
Rivaldo,1990,0
Rivaldo,1991,0
Rivaldo,1992,0
Rivaldo,1993,1
Rivaldo,1994,1
Rivaldo,1995,5
Rivaldo,1996,2
Rivaldo,1997,4
Rivaldo,1998,12
Rivaldo,1999,13
Rivaldo,2000,11
Rivaldo,2001,8
Rivaldo,2002,10
Rivaldo,2003,7
Rivaldo,2004,0
Rivaldo,2005,0
Rivaldo,2006,0
Rivaldo,2007,0
Rivaldo,2008,0
Rivaldo,2009,0
Rivaldo,2010,0
Rivaldo,2011,0
Rivaldo,2012,0
Rivaldo,2013,0
Rivaldo,2014,0
Rivaldo,2015,0
Rivaldo,2016,0
Rivaldo,2017,0
Rivaldo,2018,0
Rivaldo,2019,0
Rivaldo,2020,0
Rivaldo,2021,0
Luis Figo,1934,0
Luis Figo,1935,0
Luis Figo,1936,0
Luis Figo,1937,0
Luis Figo,1938,0
Luis Figo,1939,0
Luis Figo,1940,0
Luis Figo,1941,0
Luis Figo,1942,0
Luis Figo,1943,0
Luis Figo,1944,0
Luis Figo,1945,0
Luis Figo,1946,0
Luis Figo,1947,0
Luis Figo,1948,0
Luis Figo,1949,0
Luis Figo,1950,0
Luis Figo,1951,0
Luis Figo,1952,0
Luis Figo,1953,0
Luis Figo,1954,0
Luis Figo,1955,0
Luis Figo,1956,0
Luis Figo,1957,0
Luis Figo,1958,0
Luis Figo,1959,0
Luis Figo,1960,0
Luis Figo,1961,0
Luis Figo,1962,0
Luis Figo,1963,0
Luis Figo,1964,0
Luis Figo,1965,0
Luis Figo,1966,0
Luis Figo,1967,0
Luis Figo,1968,0
Luis Figo,1969,0
Luis Figo,1970,0
Luis Figo,1971,0
Luis Figo,1972,0
Luis Figo,1973,0
Luis Figo,1974,0
Luis Figo,1975,0
Luis Figo,1976,0
Luis Figo,1977,0
Luis Figo,1978,0
Luis Figo,1979,0
Luis Figo,1980,0
Luis Figo,1981,0
Luis Figo,1982,0
Luis Figo,1983,0
Luis Figo,1984,0
Luis Figo,1985,0
Luis Figo,1986,0
Luis Figo,1987,0
Luis Figo,1988,0
Luis Figo,1989,0
Luis Figo,1990,0
Luis Figo,1991,3
Luis Figo,1992,7
Luis Figo,1993,5
Luis Figo,1994,5
Luis Figo,1995,6
Luis Figo,1996,9
Luis Figo,1997,7
Luis Figo,1998,6
Luis Figo,1999,9
Luis Figo,2000,13
Luis Figo,2001,9
Luis Figo,2002,10
Luis Figo,2003,10
Luis Figo,2004,11
Luis Figo,2005,7
Luis Figo,2006,10
Luis Figo,2007,0
Luis Figo,2008,0
Luis Figo,2009,0
Luis Figo,2010,0
Luis Figo,2011,0
Luis Figo,2012,0
Luis Figo,2013,0
Luis Figo,2014,0
Luis Figo,2015,0
Luis Figo,2016,0
Luis Figo,2017,0
Luis Figo,2018,0
Luis Figo,2019,0
Luis Figo,2020,0
Luis Figo,2021,0
Michael Owen,1934,0
Michael Owen,1935,0
Michael Owen,1936,0
Michael Owen,1937,0
Michael Owen,1938,0
Michael Owen,1939,0
Michael Owen,1940,0
Michael Owen,1941,0
Michael Owen,1942,0
Michael Owen,1943,0
Michael Owen,1944,0
Michael Owen,1945,0
Michael Owen,1946,0
Michael Owen,1947,0
Michael Owen,1948,0
Michael Owen,1949,0
Michael Owen,1950,0
Michael Owen,1951,0
Michael Owen,1952,0
Michael Owen,1953,0
Michael Owen,1954,0
Michael Owen,1955,0
Michael Owen,1956,0
Michael Owen,1957,0
Michael Owen,1958,0
Michael Owen,1959,0
Michael Owen,1960,0
Michael Owen,1961,0
Michael Owen,1962,0
Michael Owen,1963,0
Michael Owen,1964,0
Michael Owen,1965,0
Michael Owen,1966,0
Michael Owen,1967,0
Michael Owen,1968,0
Michael Owen,1969,0
Michael Owen,1970,0
Michael Owen,1971,0
Michael Owen,1972,0
Michael Owen,1973,0
Michael Owen,1974,0
Michael Owen,1975,0
Michael Owen,1976,0
Michael Owen,1977,0
Michael Owen,1978,0
Michael Owen,1979,0
Michael Owen,1980,0
Michael Owen,1981,0
Michael Owen,1982,0
Michael Owen,1983,0
Michael Owen,1984,0
Michael Owen,1985,0
Michael Owen,1986,0
Michael Owen,1987,0
Michael Owen,1988,0
Michael Owen,1989,0
Michael Owen,1990,0
Michael Owen,1991,0
Michael Owen,1992,0
Michael Owen,1993,0
Michael Owen,1994,0
Michael Owen,1995,0
Michael Owen,1996,0
Michael Owen,1997,0
Michael Owen,1998,12
Michael Owen,1999,6
Michael Owen,2000,6
Michael Owen,2001,8
Michael Owen,2002,12
Michael Owen,2003,9
Michael Owen,2004,13
Michael Owen,2005,9
Michael Owen,2006,5
Michael Owen,2007,8
Michael Owen,2008,1
Michael Owen,2009,0
Michael Owen,2010,0
Michael Owen,2011,0
Michael Owen,2012,0
Michael Owen,2013,0
Michael Owen,2014,0
Michael Owen,2015,0
Michael Owen,2016,0
Michael Owen,2017,0
Michael Owen,2018,0
Michael Owen,2019,0
Michael Owen,2020,0
Michael Owen,2021,0
Pavel Nedved,1934,0
Pavel Nedved,1935,0
Pavel Nedved,1936,0
Pavel Nedved,1937,0
Pavel Nedved,1938,0
Pavel Nedved,1939,0
Pavel Nedved,1940,0
Pavel Nedved,1941,0
Pavel Nedved,1942,0
Pavel Nedved,1943,0
Pavel Nedved,1944,0
Pavel Nedved,1945,0
Pavel Nedved,1946,0
Pavel Nedved,1947,0
Pavel Nedved,1948,0
Pavel Nedved,1949,0
Pavel Nedved,1950,0
Pavel Nedved,1951,0
Pavel Nedved,1952,0
Pavel Nedved,1953,0
Pavel Nedved,1954,0
Pavel Nedved,1955,0
Pavel Nedved,1956,0
Pavel Nedved,1957,0
Pavel Nedved,1958,0
Pavel Nedved,1959,0
Pavel Nedved,1960,0
Pavel Nedved,1961,0
Pavel Nedved,1962,0
Pavel Nedved,1963,0
Pavel Nedved,1964,0
Pavel Nedved,1965,0
Pavel Nedved,1966,0
Pavel Nedved,1967,0
Pavel Nedved,1968,0
Pavel Nedved,1969,0
Pavel Nedved,1970,0
Pavel Nedved,1971,0
Pavel Nedved,1972,0
Pavel Nedved,1973,0
Pavel Nedved,1974,0
Pavel Nedved,1975,0
Pavel Nedved,1976,0
Pavel Nedved,1977,0
Pavel Nedved,1978,0
Pavel Nedved,1979,0
Pavel Nedved,1980,0
Pavel Nedved,1981,0
Pavel Nedved,1982,0
Pavel Nedved,1983,0
Pavel Nedved,1984,0
Pavel Nedved,1985,0
Pavel Nedved,1986,0
Pavel Nedved,1987,0
Pavel Nedved,1988,0
Pavel Nedved,1989,0
Pavel Nedved,1990,0
Pavel Nedved,1991,0
Pavel Nedved,1992,0
Pavel Nedved,1993,0
Pavel Nedved,1994,1
Pavel Nedved,1995,4
Pavel Nedved,1996,12
Pavel Nedved,1997,10
Pavel Nedved,1998,3
Pavel Nedved,1999,9
Pavel Nedved,2000,10
Pavel Nedved,2001,11
Pavel Nedved,2002,6
Pavel Nedved,2003,8
Pavel Nedved,2004,9
Pavel Nedved,2005,2
Pavel Nedved,2006,6
Pavel Nedved,2007,0
Pavel Nedved,2008,0
Pavel Nedved,2009,0
Pavel Nedved,2010,0
Pavel Nedved,2011,0
Pavel Nedved,2012,0
Pavel Nedved,2013,0
Pavel Nedved,2014,0
Pavel Nedved,2015,0
Pavel Nedved,2016,0
Pavel Nedved,2017,0
Pavel Nedved,2018,0
Pavel Nedved,2019,0
Pavel Nedved,2020,0
Pavel Nedved,2021,0
Andriy Shevchenko,1934,0
Andriy Shevchenko,1935,0
Andriy Shevchenko,1936,0
Andriy Shevchenko,1937,0
Andriy Shevchenko,1938,0
Andriy Shevchenko,1939,0
Andriy Shevchenko,1940,0
Andriy Shevchenko,1941,0
Andriy Shevchenko,1942,0
Andriy Shevchenko,1943,0
Andriy Shevchenko,1944,0
Andriy Shevchenko,1945,0
Andriy Shevchenko,1946,0
Andriy Shevchenko,1947,0
Andriy Shevchenko,1948,0
Andriy Shevchenko,1949,0
Andriy Shevchenko,1950,0
Andriy Shevchenko,1951,0
Andriy Shevchenko,1952,0
Andriy Shevchenko,1953,0
Andriy Shevchenko,1954,0
Andriy Shevchenko,1955,0
Andriy Shevchenko,1956,0
Andriy Shevchenko,1957,0
Andriy Shevchenko,1958,0
Andriy Shevchenko,1959,0
Andriy Shevchenko,1960,0
Andriy Shevchenko,1961,0
Andriy Shevchenko,1962,0
Andriy Shevchenko,1963,0
Andriy Shevchenko,1964,0
Andriy Shevchenko,1965,0
Andriy Shevchenko,1966,0
Andriy Shevchenko,1967,0
Andriy Shevchenko,1968,0
Andriy Shevchenko,1969,0
Andriy Shevchenko,1970,0
Andriy Shevchenko,1971,0
Andriy Shevchenko,1972,0
Andriy Shevchenko,1973,0
Andriy Shevchenko,1974,0
Andriy Shevchenko,1975,0
Andriy Shevchenko,1976,0
Andriy Shevchenko,1977,0
Andriy Shevchenko,1978,0
Andriy Shevchenko,1979,0
Andriy Shevchenko,1980,0
Andriy Shevchenko,1981,0
Andriy Shevchenko,1982,0
Andriy Shevchenko,1983,0
Andriy Shevchenko,1984,0
Andriy Shevchenko,1985,0
Andriy Shevchenko,1986,0
Andriy Shevchenko,1987,0
Andriy Shevchenko,1988,0
Andriy Shevchenko,1989,0
Andriy Shevchenko,1990,0
Andriy Shevchenko,1991,0
Andriy Shevchenko,1992,0
Andriy Shevchenko,1993,0
Andriy Shevchenko,1994,0
Andriy Shevchenko,1995,2
Andriy Shevchenko,1996,2
Andriy Shevchenko,1997,8
Andriy Shevchenko,1998,6
Andriy Shevchenko,1999,9
Andriy Shevchenko,2000,5
Andriy Shevchenko,2001,7
Andriy Shevchenko,2002,3
Andriy Shevchenko,2003,8
Andriy Shevchenko,2004,6
Andriy Shevchenko,2005,6
Andriy Shevchenko,2006,9
Andriy Shevchenko,2007,8
Andriy Shevchenko,2008,7
Andriy Shevchenko,2009,8
Andriy Shevchenko,2010,6
Andriy Shevchenko,2011,5
Andriy Shevchenko,2012,6
Andriy Shevchenko,2013,0
Andriy Shevchenko,2014,0
Andriy Shevchenko,2015,0
Andriy Shevchenko,2016,0
Andriy Shevchenko,2017,0
Andriy Shevchenko,2018,0
Andriy Shevchenko,2019,0
Andriy Shevchenko,2020,0
Andriy Shevchenko,2021,0
Ronaldinho,1934,0
Ronaldinho,1935,0
Ronaldinho,1936,0
Ronaldinho,1937,0
Ronaldinho,1938,0
Ronaldinho,1939,0
Ronaldinho,1940,0
Ronaldinho,1941,0
Ronaldinho,1942,0
Ronaldinho,1943,0
Ronaldinho,1944,0
Ronaldinho,1945,0
Ronaldinho,1946,0
Ronaldinho,1947,0
Ronaldinho,1948,0
Ronaldinho,1949,0
Ronaldinho,1950,0
Ronaldinho,1951,0
Ronaldinho,1952,0
Ronaldinho,1953,0
Ronaldinho,1954,0
Ronaldinho,1955,0
Ronaldinho,1956,0
Ronaldinho,1957,0
Ronaldinho,1958,0
Ronaldinho,1959,0
Ronaldinho,1960,0
Ronaldinho,1961,0
Ronaldinho,1962,0
Ronaldinho,1963,0
Ronaldinho,1964,0
Ronaldinho,1965,0
Ronaldinho,1966,0
Ronaldinho,1967,0
Ronaldinho,1968,0
Ronaldinho,1969,0
Ronaldinho,1970,0
Ronaldinho,1971,0
Ronaldinho,1972,0
Ronaldinho,1973,0
Ronaldinho,1974,0
Ronaldinho,1975,0
Ronaldinho,1976,0
Ronaldinho,1977,0
Ronaldinho,1978,0
Ronaldinho,1979,0
Ronaldinho,1980,0
Ronaldinho,1981,0
Ronaldinho,1982,0
Ronaldinho,1983,0
Ronaldinho,1984,0
Ronaldinho,1985,0
Ronaldinho,1986,0
Ronaldinho,1987,0
Ronaldinho,1988,0
Ronaldinho,1989,0
Ronaldinho,1990,0
Ronaldinho,1991,0
Ronaldinho,1992,0
Ronaldinho,1993,0
Ronaldinho,1994,0
Ronaldinho,1995,0
Ronaldinho,1996,0
Ronaldinho,1997,0
Ronaldinho,1998,0
Ronaldinho,1999,13
Ronaldinho,2000,5
Ronaldinho,2001,4
Ronaldinho,2002,10
Ronaldinho,2003,8
Ronaldinho,2004,10
Ronaldinho,2005,12
Ronaldinho,2006,9
Ronaldinho,2007,11
Ronaldinho,2008,2
Ronaldinho,2009,3
Ronaldinho,2010,1
Ronaldinho,2011,5
Ronaldinho,2012,1
Ronaldinho,2013,3
Ronaldinho,2014,0
Ronaldinho,2015,0
Ronaldinho,2016,0
Ronaldinho,2017,0
Ronaldinho,2018,0
Ronaldinho,2019,0
Ronaldinho,2020,0
Ronaldinho,2021,0
Fabio Cannavaro,1934,0
Fabio Cannavaro,1935,0
Fabio Cannavaro,1936,0
Fabio Cannavaro,1937,0
Fabio Cannavaro,1938,0
Fabio Cannavaro,1939,0
Fabio Cannavaro,1940,0
Fabio Cannavaro,1941,0
Fabio Cannavaro,1942,0
Fabio Cannavaro,1943,0
Fabio Cannavaro,1944,0
Fabio Cannavaro,1945,0
Fabio Cannavaro,1946,0
Fabio Cannavaro,1947,0
Fabio Cannavaro,1948,0
Fabio Cannavaro,1949,0
Fabio Cannavaro,1950,0
Fabio Cannavaro,1951,0
Fabio Cannavaro,1952,0
Fabio Cannavaro,1953,0
Fabio Cannavaro,1954,0
Fabio Cannavaro,1955,0
Fabio Cannavaro,1956,0
Fabio Cannavaro,1957,0
Fabio Cannavaro,1958,0
Fabio Cannavaro,1959,0
Fabio Cannavaro,1960,0
Fabio Cannavaro,1961,0
Fabio Cannavaro,1962,0
Fabio Cannavaro,1963,0
Fabio Cannavaro,1964,0
Fabio Cannavaro,1965,0
Fabio Cannavaro,1966,0
Fabio Cannavaro,1967,0
Fabio Cannavaro,1968,0
Fabio Cannavaro,1969,0
Fabio Cannavaro,1970,0
Fabio Cannavaro,1971,0
Fabio Cannavaro,1972,0
Fabio Cannavaro,1973,0
Fabio Cannavaro,1974,0
Fabio Cannavaro,1975,0
Fabio Cannavaro,1976,0
Fabio Cannavaro,1977,0
Fabio Cannavaro,1978,0
Fabio Cannavaro,1979,0
Fabio Cannavaro,1980,0
Fabio Cannavaro,1981,0
Fabio Cannavaro,1982,0
Fabio Cannavaro,1983,0
Fabio Cannavaro,1984,0
Fabio Cannavaro,1985,0
Fabio Cannavaro,1986,0
Fabio Cannavaro,1987,0
Fabio Cannavaro,1988,0
Fabio Cannavaro,1989,0
Fabio Cannavaro,1990,0
Fabio Cannavaro,1991,0
Fabio Cannavaro,1992,0
Fabio Cannavaro,1993,0
Fabio Cannavaro,1994,0
Fabio Cannavaro,1995,0
Fabio Cannavaro,1996,0
Fabio Cannavaro,1997,12
Fabio Cannavaro,1998,11
Fabio Cannavaro,1999,8
Fabio Cannavaro,2000,14
Fabio Cannavaro,2001,9
Fabio Cannavaro,2002,12
Fabio Cannavaro,2003,10
Fabio Cannavaro,2004,6
Fabio Cannavaro,2005,8
Fabio Cannavaro,2006,15
Fabio Cannavaro,2007,8
Fabio Cannavaro,2008,8
Fabio Cannavaro,2009,10
Fabio Cannavaro,2010,5
Fabio Cannavaro,2011,0
Fabio Cannavaro,2012,0
Fabio Cannavaro,2013,0
Fabio Cannavaro,2014,0
Fabio Cannavaro,2015,0
Fabio Cannavaro,2016,0
Fabio Cannavaro,2017,0
Fabio Cannavaro,2018,0
Fabio Cannavaro,2019,0
Fabio Cannavaro,2020,0
Fabio Cannavaro,2021,0
Kaka,1934,0
Kaka,1935,0
Kaka,1936,0
Kaka,1937,0
Kaka,1938,0
Kaka,1939,0
Kaka,1940,0
Kaka,1941,0
Kaka,1942,0
Kaka,1943,0
Kaka,1944,0
Kaka,1945,0
Kaka,1946,0
Kaka,1947,0
Kaka,1948,0
Kaka,1949,0
Kaka,1950,0
Kaka,1951,0
Kaka,1952,0
Kaka,1953,0
Kaka,1954,0
Kaka,1955,0
Kaka,1956,0
Kaka,1957,0
Kaka,1958,0
Kaka,1959,0
Kaka,1960,0
Kaka,1961,0
Kaka,1962,0
Kaka,1963,0
Kaka,1964,0
Kaka,1965,0
Kaka,1966,0
Kaka,1967,0
Kaka,1968,0
Kaka,1969,0
Kaka,1970,0
Kaka,1971,0
Kaka,1972,0
Kaka,1973,0
Kaka,1974,0
Kaka,1975,0
Kaka,1976,0
Kaka,1977,0
Kaka,1978,0
Kaka,1979,0
Kaka,1980,0
Kaka,1981,0
Kaka,1982,0
Kaka,1983,0
Kaka,1984,0
Kaka,1985,0
Kaka,1986,0
Kaka,1987,0
Kaka,1988,0
Kaka,1989,0
Kaka,1990,0
Kaka,1991,0
Kaka,1992,0
Kaka,1993,0
Kaka,1994,0
Kaka,1995,0
Kaka,1996,0
Kaka,1997,0
Kaka,1998,0
Kaka,1999,0
Kaka,2000,0
Kaka,2001,0
Kaka,2002,5
Kaka,2003,10
Kaka,2004,8
Kaka,2005,13
Kaka,2006,11
Kaka,2007,12
Kaka,2008,3
Kaka,2009,13
Kaka,2010,7
Kaka,2011,0
Kaka,2012,3
Kaka,2013,2
Kaka,2014,2
Kaka,2015,2
Kaka,2016,1
Kaka,2017,0
Kaka,2018,0
Kaka,2019,0
Kaka,2020,0
Kaka,2021,0
Cristiano Ronaldo,1934,0
Cristiano Ronaldo,1935,0
Cristiano Ronaldo,1936,0
Cristiano Ronaldo,1937,0
Cristiano Ronaldo,1938,0
Cristiano Ronaldo,1939,0
Cristiano Ronaldo,1940,0
Cristiano Ronaldo,1941,0
Cristiano Ronaldo,1942,0
Cristiano Ronaldo,1943,0
Cristiano Ronaldo,1944,0
Cristiano Ronaldo,1945,0
Cristiano Ronaldo,1946,0
Cristiano Ronaldo,1947,0
Cristiano Ronaldo,1948,0
Cristiano Ronaldo,1949,0
Cristiano Ronaldo,1950,0
Cristiano Ronaldo,1951,0
Cristiano Ronaldo,1952,0
Cristiano Ronaldo,1953,0
Cristiano Ronaldo,1954,0
Cristiano Ronaldo,1955,0
Cristiano Ronaldo,1956,0
Cristiano Ronaldo,1957,0
Cristiano Ronaldo,1958,0
Cristiano Ronaldo,1959,0
Cristiano Ronaldo,1960,0
Cristiano Ronaldo,1961,0
Cristiano Ronaldo,1962,0
Cristiano Ronaldo,1963,0
Cristiano Ronaldo,1964,0
Cristiano Ronaldo,1965,0
Cristiano Ronaldo,1966,0
Cristiano Ronaldo,1967,0
Cristiano Ronaldo,1968,0
Cristiano Ronaldo,1969,0
Cristiano Ronaldo,1970,0
Cristiano Ronaldo,1971,0
Cristiano Ronaldo,1972,0
Cristiano Ronaldo,1973,0
Cristiano Ronaldo,1974,0
Cristiano Ronaldo,1975,0
Cristiano Ronaldo,1976,0
Cristiano Ronaldo,1977,0
Cristiano Ronaldo,1978,0
Cristiano Ronaldo,1979,0
Cristiano Ronaldo,1980,0
Cristiano Ronaldo,1981,0
Cristiano Ronaldo,1982,0
Cristiano Ronaldo,1983,0
Cristiano Ronaldo,1984,0
Cristiano Ronaldo,1985,0
Cristiano Ronaldo,1986,0
Cristiano Ronaldo,1987,0
Cristiano Ronaldo,1988,0
Cristiano Ronaldo,1989,0
Cristiano Ronaldo,1990,0
Cristiano Ronaldo,1991,0
Cristiano Ronaldo,1992,0
Cristiano Ronaldo,1993,0
Cristiano Ronaldo,1994,0
Cristiano Ronaldo,1995,0
Cristiano Ronaldo,1996,0
Cristiano Ronaldo,1997,0
Cristiano Ronaldo,1998,0
Cristiano Ronaldo,1999,0
Cristiano Ronaldo,2000,0
Cristiano Ronaldo,2001,0
Cristiano Ronaldo,2002,0
Cristiano Ronaldo,2003,2
Cristiano Ronaldo,2004,16
Cristiano Ronaldo,2005,11
Cristiano Ronaldo,2006,14
Cristiano Ronaldo,2007,10
Cristiano Ronaldo,2008,8
Cristiano Ronaldo,2009,7
Cristiano Ronaldo,2010,11
Cristiano Ronaldo,2011,8
Cristiano Ronaldo,2012,13
Cristiano Ronaldo,2013,9
Cristiano Ronaldo,2014,9
Cristiano Ronaldo,2015,5
Cristiano Ronaldo,2016,13
Cristiano Ronaldo,2017,11
Cristiano Ronaldo,2018,7
Cristiano Ronaldo,2019,10
Cristiano Ronaldo,2020,6
Cristiano Ronaldo,2021,14
Lionel Messi,1934,0
Lionel Messi,1935,0
Lionel Messi,1936,0
Lionel Messi,1937,0
Lionel Messi,1938,0
Lionel Messi,1939,0
Lionel Messi,1940,0
Lionel Messi,1941,0
Lionel Messi,1942,0
Lionel Messi,1943,0
Lionel Messi,1944,0
Lionel Messi,1945,0
Lionel Messi,1946,0
Lionel Messi,1947,0
Lionel Messi,1948,0
Lionel Messi,1949,0
Lionel Messi,1950,0
Lionel Messi,1951,0
Lionel Messi,1952,0
Lionel Messi,1953,0
Lionel Messi,1954,0
Lionel Messi,1955,0
Lionel Messi,1956,0
Lionel Messi,1957,0
Lionel Messi,1958,0
Lionel Messi,1959,0
Lionel Messi,1960,0
Lionel Messi,1961,0
Lionel Messi,1962,0
Lionel Messi,1963,0
Lionel Messi,1964,0
Lionel Messi,1965,0
Lionel Messi,1966,0
Lionel Messi,1967,0
Lionel Messi,1968,0
Lionel Messi,1969,0
Lionel Messi,1970,0
Lionel Messi,1971,0
Lionel Messi,1972,0
Lionel Messi,1973,0
Lionel Messi,1974,0
Lionel Messi,1975,0
Lionel Messi,1976,0
Lionel Messi,1977,0
Lionel Messi,1978,0
Lionel Messi,1979,0
Lionel Messi,1980,0
Lionel Messi,1981,0
Lionel Messi,1982,0
Lionel Messi,1983,0
Lionel Messi,1984,0
Lionel Messi,1985,0
Lionel Messi,1986,0
Lionel Messi,1987,0
Lionel Messi,1988,0
Lionel Messi,1989,0
Lionel Messi,1990,0
Lionel Messi,1991,0
Lionel Messi,1992,0
Lionel Messi,1993,0
Lionel Messi,1994,0
Lionel Messi,1995,0
Lionel Messi,1996,0
Lionel Messi,1997,0
Lionel Messi,1998,0
Lionel Messi,1999,0
Lionel Messi,2000,0
Lionel Messi,2001,0
Lionel Messi,2002,0
Lionel Messi,2003,0
Lionel Messi,2004,0
Lionel Messi,2005,5
Lionel Messi,2006,7
Lionel Messi,2007,14
Lionel Messi,2008,8
Lionel Messi,2009,10
Lionel Messi,2010,10
Lionel Messi,2011,13
Lionel Messi,2012,9
Lionel Messi,2013,7
Lionel Messi,2014,14
Lionel Messi,2015,8
Lionel Messi,2016,11
Lionel Messi,2017,7
Lionel Messi,2018,5
Lionel Messi,2019,10
Lionel Messi,2020,4
Lionel Messi,2021,16
Luka Modric,1934,0
Luka Modric,1935,0
Luka Modric,1936,0
Luka Modric,1937,0
Luka Modric,1938,0
Luka Modric,1939,0
Luka Modric,1940,0
Luka Modric,1941,0
Luka Modric,1942,0
Luka Modric,1943,0
Luka Modric,1944,0
Luka Modric,1945,0
Luka Modric,1946,0
Luka Modric,1947,0
Luka Modric,1948,0
Luka Modric,1949,0
Luka Modric,1950,0
Luka Modric,1951,0
Luka Modric,1952,0
Luka Modric,1953,0
Luka Modric,1954,0
Luka Modric,1955,0
Luka Modric,1956,0
Luka Modric,1957,0
Luka Modric,1958,0
Luka Modric,1959,0
Luka Modric,1960,0
Luka Modric,1961,0
Luka Modric,1962,0
Luka Modric,1963,0
Luka Modric,1964,0
Luka Modric,1965,0
Luka Modric,1966,0
Luka Modric,1967,0
Luka Modric,1968,0
Luka Modric,1969,0
Luka Modric,1970,0
Luka Modric,1971,0
Luka Modric,1972,0
Luka Modric,1973,0
Luka Modric,1974,0
Luka Modric,1975,0
Luka Modric,1976,0
Luka Modric,1977,0
Luka Modric,1978,0
Luka Modric,1979,0
Luka Modric,1980,0
Luka Modric,1981,0
Luka Modric,1982,0
Luka Modric,1983,0
Luka Modric,1984,0
Luka Modric,1985,0
Luka Modric,1986,0
Luka Modric,1987,0
Luka Modric,1988,0
Luka Modric,1989,0
Luka Modric,1990,0
Luka Modric,1991,0
Luka Modric,1992,0
Luka Modric,1993,0
Luka Modric,1994,0
Luka Modric,1995,0
Luka Modric,1996,0
Luka Modric,1997,0
Luka Modric,1998,0
Luka Modric,1999,0
Luka Modric,2000,0
Luka Modric,2001,0
Luka Modric,2002,0
Luka Modric,2003,0
Luka Modric,2004,0
Luka Modric,2005,0
Luka Modric,2006,12
Luka Modric,2007,10
Luka Modric,2008,11
Luka Modric,2009,3
Luka Modric,2010,8
Luka Modric,2011,9
Luka Modric,2012,9
Luka Modric,2013,10
Luka Modric,2014,11
Luka Modric,2015,4
Luka Modric,2016,8
Luka Modric,2017,8
Luka Modric,2018,15
Luka Modric,2019,9
Luka Modric,2020,6
Luka Modric,2021,13
